CREATED_TIMESTAMP,FORM_ID,FORM_ID_SEQ,ALIEN_ID,ALIEN_SEQ,EMPLOYER_ID,COMPANYNAME_TH,COMPANYNAME_EN,BUS_TYPE_ID,JOB_DESCRIPTION,EMPLOYER_NO,MASTER_FORM_TYPE,MASTER_FORM_STATUS,VALID_UNTIL
2024-06-26,00590,1,00501,1,020,มั่นใจ ไม่ จำกัด,"Munjai Mai Co., Ltd.",17,กรรมกร,20152921,MT_59,Consider request round1,26/06/2024 00:00:00
2024-06-26,00590,1,00502,2,020,มั่นใจ ไม่ จำกัด,"Munjai Mai Co., Ltd.",17,กรรมกร,20152921,MT_59,Consider request round1,26/06/2024 00:00:00
2024-06-26,00590,1,00503,3,020,มั่นใจ ไม่ จำกัด,"Munjai Mai Co., Ltd.",17,กรรมกร,20152921,MT_59,Consider request round1,26/06/2024 00:00:00
2024-06-26,00590,1,00504,4,020,มั่นใจ ไม่ จำกัด,"Munjai Mai Co., Ltd.",17,กรรมกร,20152921,MT_59,Consider request round1,26/06/2024 00:00:00
2024-06-26,00590,1,00505,5,020,มั่นใจ ไม่ จำกัด,"Munjai Mai Co., Ltd.",17,กรรมกร,20152921,MT_59,Consider request round1,26/06/2024 00:00:00
2024-06-26,00590,1,00506,6,020,มั่นใจ ไม่ จำกัด,"Munjai Mai Co., Ltd.",17,กรรมกร,20152921,MT_59,Consider request round1,26/06/2024 00:00:00
2024-06-26,00590,1,00507,7,020,มั่นใจ ไม่ จำกัด,"Munjai Mai Co., Ltd.",17,กรรมกร,20152921,MT_59,Consider request round1,26/06/2024 00:00:00
2024-06-25,00591,2,00508,1,020,มั่นใจ ไม่ จำกัด,"Munjai Mai Co., Ltd.",17,กรรมกร,20152921,MT_59,Consider request round1,26/06/2024 00:00:00
2024-06-25,00591,2,00509,2,020,มั่นใจ ไม่ จำกัด,"Munjai Mai Co., Ltd.",17,กรรมกร,20152921,MT_59,Consider request round1,26/06/2024 00:00:00
2024-06-25,00591,2,00510,3,020,มั่นใจ ไม่ จำกัด,"Munjai Mai Co., Ltd.",17,กรรมกร,20152921,MT_59,Consider request round1,26/06/2024 00:00:00
2024-06-25,00591,2,00511,4,020,มั่นใจ ไม่ จำกัด,"Munjai Mai Co., Ltd.",17,กรรมกร,20152921,MT_59,Consider request round1,26/06/2024 00:00:00
2024-06-25,00591,2,00512,5,020,มั่นใจ ไม่ จำกัด,"Munjai Mai Co., Ltd.",17,กรรมกร,20152921,MT_59,Consider request round1,26/06/2024 00:00:00
2024-06-25,00591,2,00513,6,020,มั่นใจ ไม่ จำกัด,"Munjai Mai Co., Ltd.",17,กรรมกร,20152921,MT_59,Consider request round1,26/06/2024 00:00:00
2024-06-25,00591,2,00514,7,020,มั่นใจ ไม่ จำกัด,"Munjai Mai Co., Ltd.",17,กรรมกร,20152921,MT_59,Consider request round1,26/06/2024 00:00:00
2024-06-25,00591,2,00515,8,020,มั่นใจ ไม่ จำกัด,"Munjai Mai Co., Ltd.",17,กรรมกร,20152921,MT_59,Consider request round1,26/06/2024 00:00:00
2024-06-24,00592,3,00516,1,020,มั่นใจ ไม่ จำกัด,"Munjai Mai Co., Ltd.",17,กรรมกร,20152921,MT_59,Consider request round1,26/06/2024 00:00:00
2024-06-24,00592,3,00517,2,020,มั่นใจ ไม่ จำกัด,"Munjai Mai Co., Ltd.",17,กรรมกร,20152921,MT_59,Consider request round1,26/06/2024 00:00:00
2024-06-23,00593,4,00518,1,020,มั่นใจ ไม่ จำกัด,"Munjai Mai Co., Ltd.",17,กรรมกร,20152921,MT_59,Consider request round1,26/06/2024 00:00:00
2024-06-23,00593,4,00519,2,020,มั่นใจ ไม่ จำกัด,"Munjai Mai Co., Ltd.",17,กรรมกร,20152921,MT_59,Consider request round1,26/06/2024 00:00:00
2024-06-23,00593,4,00520,3,020,มั่นใจ ไม่ จำกัด,"Munjai Mai Co., Ltd.",17,กรรมกร,20152921,MT_59,Consider request round1,26/06/2024 00:00:00
2024-06-23,00593,4,00521,4,020,มั่นใจ ไม่ จำกัด,"Munjai Mai Co., Ltd.",17,กรรมกร,20152921,MT_59,Consider request round1,26/06/2024 00:00:00
2024-06-23,00593,4,00522,5,020,มั่นใจ ไม่ จำกัด,"Munjai Mai Co., Ltd.",17,กรรมกร,20152921,MT_59,Consider request round1,26/06/2024 00:00:00
2024-06-23,00593,4,00523,6,020,มั่นใจ ไม่ จำกัด,"Munjai Mai Co., Ltd.",17,กรรมกร,20152921,MT_59,Consider request round1,26/06/2024 00:00:00
2024-06-23,00593,4,00524,7,020,มั่นใจ ไม่ จำกัด,"Munjai Mai Co., Ltd.",17,กรรมกร,20152921,MT_59,Consider request round1,26/06/2024 00:00:00
2024-06-23,00593,4,00525,8,020,มั่นใจ ไม่ จำกัด,"Munjai Mai Co., Ltd.",17,กรรมกร,20152921,MT_59,Consider request round1,26/06/2024 00:00:00
2024-06-23,00593,4,00526,9,020,มั่นใจ ไม่ จำกัด,"Munjai Mai Co., Ltd.",17,กรรมกร,20152921,MT_59,Consider request round1,26/06/2024 00:00:00
2024-06-23,00593,4,00527,10,020,มั่นใจ ไม่ จำกัด,"Munjai Mai Co., Ltd.",17,กรรมกร,20152921,MT_59,Consider request round1,26/06/2024 00:00:00
2024-06-22,00594,5,00528,1,020,มั่นใจ ไม่ จำกัด,"Munjai Mai Co., Ltd.",17,กรรมกร,20152921,MT_59,Consider request round1,26/06/2024 00:00:00
2024-06-22,00594,5,00529,2,020,มั่นใจ ไม่ จำกัด,"Munjai Mai Co., Ltd.",17,กรรมกร,20152921,MT_59,Consider request round1,26/06/2024 00:00:00
2024-06-22,00594,5,00530,3,020,มั่นใจ ไม่ จำกัด,"Munjai Mai Co., Ltd.",17,กรรมกร,20152921,MT_59,Consider request round1,26/06/2024 00:00:00
2024-06-22,00594,5,00531,4,020,มั่นใจ ไม่ จำกัด,"Munjai Mai Co., Ltd.",17,กรรมกร,20152921,MT_59,Consider request round1,26/06/2024 00:00:00
2024-06-22,00594,5,00532,5,020,มั่นใจ ไม่ จำกัด,"Munjai Mai Co., Ltd.",17,กรรมกร,20152921,MT_59,Consider request round1,26/06/2024 00:00:00
2024-06-22,00594,5,00533,6,020,มั่นใจ ไม่ จำกัด,"Munjai Mai Co., Ltd.",17,กรรมกร,20152921,MT_59,Consider request round1,26/06/2024 00:00:00
2024-06-22,00594,5,00534,7,020,มั่นใจ ไม่ จำกัด,"Munjai Mai Co., Ltd.",17,กรรมกร,20152921,MT_59,Consider request round1,26/06/2024 00:00:00
2024-06-21,00595,6,00535,1,020,มั่นใจ ไม่ จำกัด,"Munjai Mai Co., Ltd.",17,กรรมกร,20152921,MT_59,Consider request round1,26/06/2024 00:00:00
2024-06-21,00595,6,00536,2,020,มั่นใจ ไม่ จำกัด,"Munjai Mai Co., Ltd.",17,กรรมกร,20152921,MT_59,Consider request round1,26/06/2024 00:00:00
2024-06-21,00595,6,00537,3,020,มั่นใจ ไม่ จำกัด,"Munjai Mai Co., Ltd.",17,กรรมกร,20152921,MT_59,Consider request round1,26/06/2024 00:00:00
2024-06-21,00595,6,00538,4,020,มั่นใจ ไม่ จำกัด,"Munjai Mai Co., Ltd.",17,กรรมกร,20152921,MT_59,Consider request round1,26/06/2024 00:00:00
2024-06-21,00595,6,00539,5,020,มั่นใจ ไม่ จำกัด,"Munjai Mai Co., Ltd.",17,กรรมกร,20152921,MT_59,Consider request round1,26/06/2024 00:00:00
2024-06-21,00595,6,00540,6,020,มั่นใจ ไม่ จำกัด,"Munjai Mai Co., Ltd.",17,กรรมกร,20152921,MT_59,Consider request round1,26/06/2024 00:00:00
2024-06-21,00595,6,00541,7,020,มั่นใจ ไม่ จำกัด,"Munjai Mai Co., Ltd.",17,กรรมกร,20152921,MT_59,Consider request round1,26/06/2024 00:00:00
2024-06-21,00595,6,00542,8,020,มั่นใจ ไม่ จำกัด,"Munjai Mai Co., Ltd.",17,กรรมกร,20152921,MT_59,Consider request round1,26/06/2024 00:00:00
2024-06-21,00595,6,00543,9,020,มั่นใจ ไม่ จำกัด,"Munjai Mai Co., Ltd.",17,กรรมกร,20152921,MT_59,Consider request round1,26/06/2024 00:00:00
2024-06-20,00596,7,00544,1,020,มั่นใจ ไม่ จำกัด,"Munjai Mai Co., Ltd.",17,กรรมกร,20152921,MT_59,Consider request round1,26/06/2024 00:00:00
2024-06-20,00596,7,00545,2,020,มั่นใจ ไม่ จำกัด,"Munjai Mai Co., Ltd.",17,กรรมกร,20152921,MT_59,Consider request round1,26/06/2024 00:00:00
2024-06-20,00596,7,00546,3,020,มั่นใจ ไม่ จำกัด,"Munjai Mai Co., Ltd.",17,กรรมกร,20152921,MT_59,Consider request round1,26/06/2024 00:00:00
2024-06-20,00596,7,00547,4,020,มั่นใจ ไม่ จำกัด,"Munjai Mai Co., Ltd.",17,กรรมกร,20152921,MT_59,Consider request round1,26/06/2024 00:00:00
2024-06-20,00596,7,00548,5,020,มั่นใจ ไม่ จำกัด,"Munjai Mai Co., Ltd.",17,กรรมกร,20152921,MT_59,Consider request round1,26/06/2024 00:00:00
2024-06-20,00596,7,00549,6,020,มั่นใจ ไม่ จำกัด,"Munjai Mai Co., Ltd.",17,กรรมกร,20152921,MT_59,Consider request round1,26/06/2024 00:00:00
2024-06-20,00596,7,00550,7,020,มั่นใจ ไม่ จำกัด,"Munjai Mai Co., Ltd.",17,กรรมกร,20152921,MT_59,Consider request round1,26/06/2024 00:00:00
2024-06-20,00596,7,00551,8,020,มั่นใจ ไม่ จำกัด,"Munjai Mai Co., Ltd.",17,กรรมกร,20152921,MT_59,Consider request round1,26/06/2024 00:00:00
2024-06-20,00596,7,00552,9,020,มั่นใจ ไม่ จำกัด,"Munjai Mai Co., Ltd.",17,กรรมกร,20152921,MT_59,Consider request round1,26/06/2024 00:00:00
2024-06-19,00597,8,00553,1,020,มั่นใจ ไม่ จำกัด,"Munjai Mai Co., Ltd.",17,กรรมกร,20152921,MT_59,Consider request round1,26/06/2024 00:00:00
2024-06-19,00597,8,00554,2,020,มั่นใจ ไม่ จำกัด,"Munjai Mai Co., Ltd.",17,กรรมกร,20152921,MT_59,Consider request round1,26/06/2024 00:00:00
2024-06-19,00597,8,00555,3,020,มั่นใจ ไม่ จำกัด,"Munjai Mai Co., Ltd.",17,กรรมกร,20152921,MT_59,Consider request round1,26/06/2024 00:00:00
2024-06-19,00597,8,00556,4,020,มั่นใจ ไม่ จำกัด,"Munjai Mai Co., Ltd.",17,กรรมกร,20152921,MT_59,Consider request round1,26/06/2024 00:00:00
2024-06-19,00597,8,00557,5,020,มั่นใจ ไม่ จำกัด,"Munjai Mai Co., Ltd.",17,กรรมกร,20152921,MT_59,Consider request round1,26/06/2024 00:00:00
2024-06-19,00597,8,00558,6,020,มั่นใจ ไม่ จำกัด,"Munjai Mai Co., Ltd.",17,กรรมกร,20152921,MT_59,Consider request round1,26/06/2024 00:00:00
2024-06-19,00597,8,00559,7,020,มั่นใจ ไม่ จำกัด,"Munjai Mai Co., Ltd.",17,กรรมกร,20152921,MT_59,Consider request round1,26/06/2024 00:00:00
2024-06-19,00597,8,00560,8,020,มั่นใจ ไม่ จำกัด,"Munjai Mai Co., Ltd.",17,กรรมกร,20152921,MT_59,Consider request round1,26/06/2024 00:00:00
2024-06-19,00597,8,00561,9,020,มั่นใจ ไม่ จำกัด,"Munjai Mai Co., Ltd.",17,กรรมกร,20152921,MT_59,Consider request round1,26/06/2024 00:00:00
2024-06-18,00598,9,00562,1,020,มั่นใจ ไม่ จำกัด,"Munjai Mai Co., Ltd.",17,กรรมกร,20152921,MT_59,Consider request round1,26/06/2024 00:00:00
2024-06-18,00598,9,00563,2,020,มั่นใจ ไม่ จำกัด,"Munjai Mai Co., Ltd.",17,กรรมกร,20152921,MT_59,Consider request round1,26/06/2024 00:00:00
2024-06-18,00598,9,00564,3,020,มั่นใจ ไม่ จำกัด,"Munjai Mai Co., Ltd.",17,กรรมกร,20152921,MT_59,Consider request round1,26/06/2024 00:00:00
2024-06-18,00598,9,00565,4,020,มั่นใจ ไม่ จำกัด,"Munjai Mai Co., Ltd.",17,กรรมกร,20152921,MT_59,Consider request round1,26/06/2024 00:00:00
2024-06-18,00598,9,00566,5,020,มั่นใจ ไม่ จำกัด,"Munjai Mai Co., Ltd.",17,กรรมกร,20152921,MT_59,Consider request round1,26/06/2024 00:00:00
2024-06-18,00598,9,00567,6,020,มั่นใจ ไม่ จำกัด,"Munjai Mai Co., Ltd.",17,กรรมกร,20152921,MT_59,Consider request round1,26/06/2024 00:00:00
2024-06-18,00598,9,00568,7,020,มั่นใจ ไม่ จำกัด,"Munjai Mai Co., Ltd.",17,กรรมกร,20152921,MT_59,Consider request round1,26/06/2024 00:00:00
2024-06-18,00598,9,00569,8,020,มั่นใจ ไม่ จำกัด,"Munjai Mai Co., Ltd.",17,กรรมกร,20152921,MT_59,Consider request round1,26/06/2024 00:00:00
2024-06-17,00599,10,00570,1,020,มั่นใจ ไม่ จำกัด,"Munjai Mai Co., Ltd.",17,กรรมกร,20152921,MT_59,Consider request round1,26/06/2024 00:00:00
2024-06-17,00599,10,00571,2,020,มั่นใจ ไม่ จำกัด,"Munjai Mai Co., Ltd.",17,กรรมกร,20152921,MT_59,Consider request round1,26/06/2024 00:00:00
2024-06-17,00599,10,00572,3,020,มั่นใจ ไม่ จำกัด,"Munjai Mai Co., Ltd.",17,กรรมกร,20152921,MT_59,Consider request round1,26/06/2024 00:00:00
2024-06-17,00599,10,00573,4,020,มั่นใจ ไม่ จำกัด,"Munjai Mai Co., Ltd.",17,กรรมกร,20152921,MT_59,Consider request round1,26/06/2024 00:00:00
2024-06-17,00599,10,00574,5,020,มั่นใจ ไม่ จำกัด,"Munjai Mai Co., Ltd.",17,กรรมกร,20152921,MT_59,Consider request round1,26/06/2024 00:00:00
2024-06-16,00600,11,00575,1,020,มั่นใจ ไม่ จำกัด,"Munjai Mai Co., Ltd.",17,กรรมกร,20152921,MT_59,Consider request round1,26/06/2024 00:00:00
2024-06-16,00600,11,00576,2,020,มั่นใจ ไม่ จำกัด,"Munjai Mai Co., Ltd.",17,กรรมกร,20152921,MT_59,Consider request round1,26/06/2024 00:00:00
2024-06-16,00600,11,00577,3,020,มั่นใจ ไม่ จำกัด,"Munjai Mai Co., Ltd.",17,กรรมกร,20152921,MT_59,Consider request round1,26/06/2024 00:00:00
2024-06-15,00601,12,00578,1,020,มั่นใจ ไม่ จำกัด,"Munjai Mai Co., Ltd.",17,กรรมกร,20152921,MT_59,Consider request round1,26/06/2024 00:00:00
2024-06-15,00601,12,00579,2,020,มั่นใจ ไม่ จำกัด,"Munjai Mai Co., Ltd.",17,กรรมกร,20152921,MT_59,Consider request round1,26/06/2024 00:00:00
2024-06-15,00601,12,00580,3,020,มั่นใจ ไม่ จำกัด,"Munjai Mai Co., Ltd.",17,กรรมกร,20152921,MT_59,Consider request round1,26/06/2024 00:00:00
2024-06-15,00601,12,00581,4,020,มั่นใจ ไม่ จำกัด,"Munjai Mai Co., Ltd.",17,กรรมกร,20152921,MT_59,Consider request round1,26/06/2024 00:00:00
2024-06-15,00601,12,00582,5,020,มั่นใจ ไม่ จำกัด,"Munjai Mai Co., Ltd.",17,กรรมกร,20152921,MT_59,Consider request round1,26/06/2024 00:00:00
2024-06-14,00602,13,00583,1,020,มั่นใจ ไม่ จำกัด,"Munjai Mai Co., Ltd.",17,กรรมกร,20152921,MT_59,Consider request round1,26/06/2024 00:00:00
2024-06-14,00602,13,00584,2,020,มั่นใจ ไม่ จำกัด,"Munjai Mai Co., Ltd.",17,กรรมกร,20152921,MT_59,Consider request round1,26/06/2024 00:00:00
2024-06-13,00603,14,00585,1,020,มั่นใจ ไม่ จำกัด,"Munjai Mai Co., Ltd.",17,กรรมกร,20152921,MT_59,Consider request round1,26/06/2024 00:00:00
2024-06-13,00603,14,00586,2,020,มั่นใจ ไม่ จำกัด,"Munjai Mai Co., Ltd.",17,กรรมกร,20152921,MT_59,Consider request round1,26/06/2024 00:00:00
2024-06-13,00603,14,00587,3,020,มั่นใจ ไม่ จำกัด,"Munjai Mai Co., Ltd.",17,กรรมกร,20152921,MT_59,Consider request round1,26/06/2024 00:00:00
2024-06-13,00603,14,00588,4,020,มั่นใจ ไม่ จำกัด,"Munjai Mai Co., Ltd.",17,กรรมกร,20152921,MT_59,Consider request round1,26/06/2024 00:00:00
2024-06-13,00603,14,00589,5,020,มั่นใจ ไม่ จำกัด,"Munjai Mai Co., Ltd.",17,กรรมกร,20152921,MT_59,Consider request round1,26/06/2024 00:00:00
2024-06-13,00603,14,00590,6,020,มั่นใจ ไม่ จำกัด,"Munjai Mai Co., Ltd.",17,กรรมกร,20152921,MT_59,Consider request round1,26/06/2024 00:00:00
2024-06-13,00603,14,00591,7,020,มั่นใจ ไม่ จำกัด,"Munjai Mai Co., Ltd.",17,กรรมกร,20152921,MT_59,Consider request round1,26/06/2024 00:00:00
2024-06-12,00604,15,00592,1,020,มั่นใจ ไม่ จำกัด,"Munjai Mai Co., Ltd.",17,กรรมกร,20152921,MT_59,Consider request round1,26/06/2024 00:00:00
2024-06-12,00604,15,00593,2,020,มั่นใจ ไม่ จำกัด,"Munjai Mai Co., Ltd.",17,กรรมกร,20152921,MT_59,Consider request round1,26/06/2024 00:00:00
2024-06-11,00605,16,00594,1,020,มั่นใจ ไม่ จำกัด,"Munjai Mai Co., Ltd.",17,กรรมกร,20152921,MT_59,Consider request round1,26/06/2024 00:00:00
2024-06-11,00605,16,00595,2,020,มั่นใจ ไม่ จำกัด,"Munjai Mai Co., Ltd.",17,กรรมกร,20152921,MT_59,Consider request round1,26/06/2024 00:00:00
2024-06-11,00605,16,00596,3,020,มั่นใจ ไม่ จำกัด,"Munjai Mai Co., Ltd.",17,กรรมกร,20152921,MT_59,Consider request round1,26/06/2024 00:00:00
2024-06-11,00605,16,00597,4,020,มั่นใจ ไม่ จำกัด,"Munjai Mai Co., Ltd.",17,กรรมกร,20152921,MT_59,Consider request round1,26/06/2024 00:00:00
2024-06-11,00605,16,00598,5,020,มั่นใจ ไม่ จำกัด,"Munjai Mai Co., Ltd.",17,กรรมกร,20152921,MT_59,Consider request round1,26/06/2024 00:00:00
2024-06-11,00605,16,00599,6,020,มั่นใจ ไม่ จำกัด,"Munjai Mai Co., Ltd.",17,กรรมกร,20152921,MT_59,Consider request round1,26/06/2024 00:00:00
2024-06-11,00605,16,00600,7,020,มั่นใจ ไม่ จำกัด,"Munjai Mai Co., Ltd.",17,กรรมกร,20152921,MT_59,Consider request round1,26/06/2024 00:00:00
2024-06-11,00605,16,00601,8,020,มั่นใจ ไม่ จำกัด,"Munjai Mai Co., Ltd.",17,กรรมกร,20152921,MT_59,Consider request round1,26/06/2024 00:00:00
2024-06-10,00606,17,00602,1,020,มั่นใจ ไม่ จำกัด,"Munjai Mai Co., Ltd.",17,กรรมกร,20152921,MT_59,Consider request round1,26/06/2024 00:00:00
2024-06-10,00606,17,00603,2,020,มั่นใจ ไม่ จำกัด,"Munjai Mai Co., Ltd.",17,กรรมกร,20152921,MT_59,Consider request round1,26/06/2024 00:00:00
2024-06-10,00606,17,00604,3,020,มั่นใจ ไม่ จำกัด,"Munjai Mai Co., Ltd.",17,กรรมกร,20152921,MT_59,Consider request round1,26/06/2024 00:00:00
2024-06-10,00606,17,00605,4,020,มั่นใจ ไม่ จำกัด,"Munjai Mai Co., Ltd.",17,กรรมกร,20152921,MT_59,Consider request round1,26/06/2024 00:00:00
2024-06-10,00606,17,00606,5,020,มั่นใจ ไม่ จำกัด,"Munjai Mai Co., Ltd.",17,กรรมกร,20152921,MT_59,Consider request round1,26/06/2024 00:00:00
2024-06-10,00606,17,00607,6,020,มั่นใจ ไม่ จำกัด,"Munjai Mai Co., Ltd.",17,กรรมกร,20152921,MT_59,Consider request round1,26/06/2024 00:00:00
2024-06-10,00606,17,00608,7,020,มั่นใจ ไม่ จำกัด,"Munjai Mai Co., Ltd.",17,กรรมกร,20152921,MT_59,Consider request round1,26/06/2024 00:00:00
2024-06-10,00606,17,00609,8,020,มั่นใจ ไม่ จำกัด,"Munjai Mai Co., Ltd.",17,กรรมกร,20152921,MT_59,Consider request round1,26/06/2024 00:00:00
2024-06-10,00606,17,00610,9,020,มั่นใจ ไม่ จำกัด,"Munjai Mai Co., Ltd.",17,กรรมกร,20152921,MT_59,Consider request round1,26/06/2024 00:00:00
2024-06-10,00606,17,00611,10,020,มั่นใจ ไม่ จำกัด,"Munjai Mai Co., Ltd.",17,กรรมกร,20152921,MT_59,Consider request round1,26/06/2024 00:00:00
2024-06-09,00607,18,00612,1,020,มั่นใจ ไม่ จำกัด,"Munjai Mai Co., Ltd.",17,กรรมกร,20152921,MT_59,Consider request round1,26/06/2024 00:00:00
2024-06-08,00608,19,00613,1,020,มั่นใจ ไม่ จำกัด,"Munjai Mai Co., Ltd.",17,กรรมกร,20152921,MT_59,Consider request round1,26/06/2024 00:00:00
2024-06-08,00608,19,00614,2,020,มั่นใจ ไม่ จำกัด,"Munjai Mai Co., Ltd.",17,กรรมกร,20152921,MT_59,Consider request round1,26/06/2024 00:00:00
2024-06-08,00608,19,00615,3,020,มั่นใจ ไม่ จำกัด,"Munjai Mai Co., Ltd.",17,กรรมกร,20152921,MT_59,Consider request round1,26/06/2024 00:00:00
2024-06-08,00608,19,00616,4,020,มั่นใจ ไม่ จำกัด,"Munjai Mai Co., Ltd.",17,กรรมกร,20152921,MT_59,Consider request round1,26/06/2024 00:00:00
2024-06-08,00608,19,00617,5,020,มั่นใจ ไม่ จำกัด,"Munjai Mai Co., Ltd.",17,กรรมกร,20152921,MT_59,Consider request round1,26/06/2024 00:00:00
2024-06-08,00608,19,00618,6,020,มั่นใจ ไม่ จำกัด,"Munjai Mai Co., Ltd.",17,กรรมกร,20152921,MT_59,Consider request round1,26/06/2024 00:00:00
2024-06-07,00609,20,00619,1,020,มั่นใจ ไม่ จำกัด,"Munjai Mai Co., Ltd.",17,กรรมกร,20152921,MT_59,Consider request round1,26/06/2024 00:00:00
2024-06-07,00609,20,00620,2,020,มั่นใจ ไม่ จำกัด,"Munjai Mai Co., Ltd.",17,กรรมกร,20152921,MT_59,Consider request round1,26/06/2024 00:00:00
2024-06-07,00609,20,00621,3,020,มั่นใจ ไม่ จำกัด,"Munjai Mai Co., Ltd.",17,กรรมกร,20152921,MT_59,Consider request round1,26/06/2024 00:00:00
2024-06-07,00609,20,00622,4,020,มั่นใจ ไม่ จำกัด,"Munjai Mai Co., Ltd.",17,กรรมกร,20152921,MT_59,Consider request round1,26/06/2024 00:00:00
2024-06-07,00609,20,00623,5,020,มั่นใจ ไม่ จำกัด,"Munjai Mai Co., Ltd.",17,กรรมกร,20152921,MT_59,Consider request round1,26/06/2024 00:00:00
2024-06-07,00609,20,00624,6,020,มั่นใจ ไม่ จำกัด,"Munjai Mai Co., Ltd.",17,กรรมกร,20152921,MT_59,Consider request round1,26/06/2024 00:00:00
2024-06-07,00609,20,00625,7,020,มั่นใจ ไม่ จำกัด,"Munjai Mai Co., Ltd.",17,กรรมกร,20152921,MT_59,Consider request round1,26/06/2024 00:00:00
2024-06-06,00610,21,00626,1,020,มั่นใจ ไม่ จำกัด,"Munjai Mai Co., Ltd.",17,กรรมกร,20152921,MT_59,Consider request round1,26/06/2024 00:00:00
2024-06-06,00610,21,00627,2,020,มั่นใจ ไม่ จำกัด,"Munjai Mai Co., Ltd.",17,กรรมกร,20152921,MT_59,Consider request round1,26/06/2024 00:00:00
2024-06-06,00610,21,00628,3,020,มั่นใจ ไม่ จำกัด,"Munjai Mai Co., Ltd.",17,กรรมกร,20152921,MT_59,Consider request round1,26/06/2024 00:00:00
2024-06-05,00611,22,00629,1,020,มั่นใจ ไม่ จำกัด,"Munjai Mai Co., Ltd.",17,กรรมกร,20152921,MT_59,Consider request round1,26/06/2024 00:00:00
2024-06-05,00611,22,00630,2,020,มั่นใจ ไม่ จำกัด,"Munjai Mai Co., Ltd.",17,กรรมกร,20152921,MT_59,Consider request round1,26/06/2024 00:00:00
2024-06-05,00611,22,00631,3,020,มั่นใจ ไม่ จำกัด,"Munjai Mai Co., Ltd.",17,กรรมกร,20152921,MT_59,Consider request round1,26/06/2024 00:00:00
2024-06-04,00612,23,00632,1,020,มั่นใจ ไม่ จำกัด,"Munjai Mai Co., Ltd.",17,กรรมกร,20152921,MT_59,Consider request round1,26/06/2024 00:00:00
2024-06-04,00612,23,00633,2,020,มั่นใจ ไม่ จำกัด,"Munjai Mai Co., Ltd.",17,กรรมกร,20152921,MT_59,Consider request round1,26/06/2024 00:00:00
2024-06-04,00612,23,00634,3,020,มั่นใจ ไม่ จำกัด,"Munjai Mai Co., Ltd.",17,กรรมกร,20152921,MT_59,Consider request round1,26/06/2024 00:00:00
2024-06-04,00612,23,00635,4,020,มั่นใจ ไม่ จำกัด,"Munjai Mai Co., Ltd.",17,กรรมกร,20152921,MT_59,Consider request round1,26/06/2024 00:00:00
2024-06-04,00612,23,00636,5,020,มั่นใจ ไม่ จำกัด,"Munjai Mai Co., Ltd.",17,กรรมกร,20152921,MT_59,Consider request round1,26/06/2024 00:00:00
2024-06-04,00612,23,00637,6,020,มั่นใจ ไม่ จำกัด,"Munjai Mai Co., Ltd.",17,กรรมกร,20152921,MT_59,Consider request round1,26/06/2024 00:00:00
2024-06-04,00612,23,00638,7,020,มั่นใจ ไม่ จำกัด,"Munjai Mai Co., Ltd.",17,กรรมกร,20152921,MT_59,Consider request round1,26/06/2024 00:00:00
2024-06-04,00612,23,00639,8,020,มั่นใจ ไม่ จำกัด,"Munjai Mai Co., Ltd.",17,กรรมกร,20152921,MT_59,Consider request round1,26/06/2024 00:00:00
2024-06-03,00613,24,00640,1,020,มั่นใจ ไม่ จำกัด,"Munjai Mai Co., Ltd.",17,กรรมกร,20152921,MT_59,Consider request round1,26/06/2024 00:00:00
2024-06-03,00613,24,00641,2,020,มั่นใจ ไม่ จำกัด,"Munjai Mai Co., Ltd.",17,กรรมกร,20152921,MT_59,Consider request round1,26/06/2024 00:00:00
2024-06-03,00613,24,00642,3,020,มั่นใจ ไม่ จำกัด,"Munjai Mai Co., Ltd.",17,กรรมกร,20152921,MT_59,Consider request round1,26/06/2024 00:00:00
2024-06-03,00613,24,00643,4,020,มั่นใจ ไม่ จำกัด,"Munjai Mai Co., Ltd.",17,กรรมกร,20152921,MT_59,Consider request round1,26/06/2024 00:00:00
2024-06-02,00614,25,00644,1,020,มั่นใจ ไม่ จำกัด,"Munjai Mai Co., Ltd.",17,กรรมกร,20152921,MT_59,Consider request round1,26/06/2024 00:00:00
2024-06-02,00614,25,00645,2,020,มั่นใจ ไม่ จำกัด,"Munjai Mai Co., Ltd.",17,กรรมกร,20152921,MT_59,Consider request round1,26/06/2024 00:00:00
2024-06-02,00614,25,00646,3,020,มั่นใจ ไม่ จำกัด,"Munjai Mai Co., Ltd.",17,กรรมกร,20152921,MT_59,Consider request round1,26/06/2024 00:00:00
2024-06-02,00614,25,00647,4,020,มั่นใจ ไม่ จำกัด,"Munjai Mai Co., Ltd.",17,กรรมกร,20152921,MT_59,Consider request round1,26/06/2024 00:00:00
2024-06-02,00614,25,00648,5,020,มั่นใจ ไม่ จำกัด,"Munjai Mai Co., Ltd.",17,กรรมกร,20152921,MT_59,Consider request round1,26/06/2024 00:00:00
2024-06-01,00615,26,00649,1,020,มั่นใจ ไม่ จำกัด,"Munjai Mai Co., Ltd.",17,กรรมกร,20152921,MT_59,Consider request round1,26/06/2024 00:00:00
2024-06-01,00615,26,00650,2,020,มั่นใจ ไม่ จำกัด,"Munjai Mai Co., Ltd.",17,กรรมกร,20152921,MT_59,Consider request round1,26/06/2024 00:00:00
2024-06-01,00615,26,00651,3,020,มั่นใจ ไม่ จำกัด,"Munjai Mai Co., Ltd.",17,กรรมกร,20152921,MT_59,Consider request round1,26/06/2024 00:00:00
2024-05-31,00616,27,00652,1,020,มั่นใจ ไม่ จำกัด,"Munjai Mai Co., Ltd.",17,กรรมกร,20152921,MT_59,Consider request round1,26/06/2024 00:00:00
2024-05-30,00617,28,00653,1,020,มั่นใจ ไม่ จำกัด,"Munjai Mai Co., Ltd.",17,กรรมกร,20152921,MT_59,Consider request round1,26/06/2024 00:00:00
2024-05-30,00617,28,00654,2,020,มั่นใจ ไม่ จำกัด,"Munjai Mai Co., Ltd.",17,กรรมกร,20152921,MT_59,Consider request round1,26/06/2024 00:00:00
2024-05-30,00617,28,00655,3,020,มั่นใจ ไม่ จำกัด,"Munjai Mai Co., Ltd.",17,กรรมกร,20152921,MT_59,Consider request round1,26/06/2024 00:00:00
2024-05-30,00617,28,00656,4,020,มั่นใจ ไม่ จำกัด,"Munjai Mai Co., Ltd.",17,กรรมกร,20152921,MT_59,Consider request round1,26/06/2024 00:00:00
2024-05-30,00617,28,00657,5,020,มั่นใจ ไม่ จำกัด,"Munjai Mai Co., Ltd.",17,กรรมกร,20152921,MT_59,Consider request round1,26/06/2024 00:00:00
2024-05-29,00618,29,00658,1,020,มั่นใจ ไม่ จำกัด,"Munjai Mai Co., Ltd.",17,กรรมกร,20152921,MT_59,Consider request round1,26/06/2024 00:00:00
2024-05-29,00618,29,00659,2,020,มั่นใจ ไม่ จำกัด,"Munjai Mai Co., Ltd.",17,กรรมกร,20152921,MT_59,Consider request round1,26/06/2024 00:00:00
2024-05-29,00618,29,00660,3,020,มั่นใจ ไม่ จำกัด,"Munjai Mai Co., Ltd.",17,กรรมกร,20152921,MT_59,Consider request round1,26/06/2024 00:00:00
2024-05-28,00619,30,00661,1,020,มั่นใจ ไม่ จำกัด,"Munjai Mai Co., Ltd.",17,กรรมกร,20152921,MT_59,Consider request round1,26/06/2024 00:00:00
2024-05-28,00619,30,00662,2,020,มั่นใจ ไม่ จำกัด,"Munjai Mai Co., Ltd.",17,กรรมกร,20152921,MT_59,Consider request round1,26/06/2024 00:00:00
2024-05-28,00619,30,00663,3,020,มั่นใจ ไม่ จำกัด,"Munjai Mai Co., Ltd.",17,กรรมกร,20152921,MT_59,Consider request round1,26/06/2024 00:00:00
2024-05-27,00620,31,00664,1,020,มั่นใจ ไม่ จำกัด,"Munjai Mai Co., Ltd.",17,กรรมกร,20152921,MT_59,Consider request round1,26/06/2024 00:00:00
2024-05-27,00620,31,00665,2,020,มั่นใจ ไม่ จำกัด,"Munjai Mai Co., Ltd.",17,กรรมกร,20152921,MT_59,Consider request round1,26/06/2024 00:00:00
2024-05-27,00620,31,00666,3,020,มั่นใจ ไม่ จำกัด,"Munjai Mai Co., Ltd.",17,กรรมกร,20152921,MT_59,Consider request round1,26/06/2024 00:00:00
2024-05-27,00620,31,00667,4,020,มั่นใจ ไม่ จำกัด,"Munjai Mai Co., Ltd.",17,กรรมกร,20152921,MT_59,Consider request round1,26/06/2024 00:00:00
2024-05-27,00620,31,00668,5,020,มั่นใจ ไม่ จำกัด,"Munjai Mai Co., Ltd.",17,กรรมกร,20152921,MT_59,Consider request round1,26/06/2024 00:00:00
2024-05-27,00620,31,00669,6,020,มั่นใจ ไม่ จำกัด,"Munjai Mai Co., Ltd.",17,กรรมกร,20152921,MT_59,Consider request round1,26/06/2024 00:00:00
2024-05-27,00620,31,00670,7,020,มั่นใจ ไม่ จำกัด,"Munjai Mai Co., Ltd.",17,กรรมกร,20152921,MT_59,Consider request round1,26/06/2024 00:00:00
2024-05-27,00620,31,00671,8,020,มั่นใจ ไม่ จำกัด,"Munjai Mai Co., Ltd.",17,กรรมกร,20152921,MT_59,Consider request round1,26/06/2024 00:00:00
2024-05-27,00620,31,00672,9,020,มั่นใจ ไม่ จำกัด,"Munjai Mai Co., Ltd.",17,กรรมกร,20152921,MT_59,Consider request round1,26/06/2024 00:00:00
2024-05-26,00621,32,00673,1,020,มั่นใจ ไม่ จำกัด,"Munjai Mai Co., Ltd.",17,กรรมกร,20152921,MT_59,Consider request round1,26/06/2024 00:00:00
2024-05-26,00621,32,00674,2,020,มั่นใจ ไม่ จำกัด,"Munjai Mai Co., Ltd.",17,กรรมกร,20152921,MT_59,Consider request round1,26/06/2024 00:00:00
2024-05-26,00621,32,00675,3,020,มั่นใจ ไม่ จำกัด,"Munjai Mai Co., Ltd.",17,กรรมกร,20152921,MT_59,Consider request round1,26/06/2024 00:00:00
2024-05-26,00621,32,00676,4,020,มั่นใจ ไม่ จำกัด,"Munjai Mai Co., Ltd.",17,กรรมกร,20152921,MT_59,Consider request round1,26/06/2024 00:00:00
2024-05-26,00621,32,00677,5,020,มั่นใจ ไม่ จำกัด,"Munjai Mai Co., Ltd.",17,กรรมกร,20152921,MT_59,Consider request round1,26/06/2024 00:00:00
2024-05-26,00621,32,00678,6,020,มั่นใจ ไม่ จำกัด,"Munjai Mai Co., Ltd.",17,กรรมกร,20152921,MT_59,Consider request round1,26/06/2024 00:00:00
2024-05-25,00622,33,00679,1,020,มั่นใจ ไม่ จำกัด,"Munjai Mai Co., Ltd.",17,กรรมกร,20152921,MT_59,Consider request round1,26/06/2024 00:00:00
2024-05-25,00622,33,00680,2,020,มั่นใจ ไม่ จำกัด,"Munjai Mai Co., Ltd.",17,กรรมกร,20152921,MT_59,Consider request round1,26/06/2024 00:00:00
2024-05-25,00622,33,00681,3,020,มั่นใจ ไม่ จำกัด,"Munjai Mai Co., Ltd.",17,กรรมกร,20152921,MT_59,Consider request round1,26/06/2024 00:00:00
2024-05-25,00622,33,00682,4,020,มั่นใจ ไม่ จำกัด,"Munjai Mai Co., Ltd.",17,กรรมกร,20152921,MT_59,Consider request round1,26/06/2024 00:00:00
2024-05-24,00623,34,00683,1,020,มั่นใจ ไม่ จำกัด,"Munjai Mai Co., Ltd.",17,กรรมกร,20152921,MT_59,Consider request round1,26/06/2024 00:00:00
2024-05-24,00623,34,00684,2,020,มั่นใจ ไม่ จำกัด,"Munjai Mai Co., Ltd.",17,กรรมกร,20152921,MT_59,Consider request round1,26/06/2024 00:00:00
2024-05-24,00623,34,00685,3,020,มั่นใจ ไม่ จำกัด,"Munjai Mai Co., Ltd.",17,กรรมกร,20152921,MT_59,Consider request round1,26/06/2024 00:00:00
2024-05-24,00623,34,00686,4,020,มั่นใจ ไม่ จำกัด,"Munjai Mai Co., Ltd.",17,กรรมกร,20152921,MT_59,Consider request round1,26/06/2024 00:00:00
2024-05-24,00623,34,00687,5,020,มั่นใจ ไม่ จำกัด,"Munjai Mai Co., Ltd.",17,กรรมกร,20152921,MT_59,Consider request round1,26/06/2024 00:00:00
2024-05-24,00623,34,00688,6,020,มั่นใจ ไม่ จำกัด,"Munjai Mai Co., Ltd.",17,กรรมกร,20152921,MT_59,Consider request round1,26/06/2024 00:00:00
2024-05-23,00624,35,00689,1,020,มั่นใจ ไม่ จำกัด,"Munjai Mai Co., Ltd.",17,กรรมกร,20152921,MT_59,Consider request round1,26/06/2024 00:00:00
2024-05-23,00624,35,00690,2,020,มั่นใจ ไม่ จำกัด,"Munjai Mai Co., Ltd.",17,กรรมกร,20152921,MT_59,Consider request round1,26/06/2024 00:00:00
2024-05-23,00624,35,00691,3,020,มั่นใจ ไม่ จำกัด,"Munjai Mai Co., Ltd.",17,กรรมกร,20152921,MT_59,Consider request round1,26/06/2024 00:00:00
2024-05-22,00625,36,00692,1,020,มั่นใจ ไม่ จำกัด,"Munjai Mai Co., Ltd.",17,กรรมกร,20152921,MT_59,Consider request round1,26/06/2024 00:00:00
2024-05-22,00625,36,00693,2,020,มั่นใจ ไม่ จำกัด,"Munjai Mai Co., Ltd.",17,กรรมกร,20152921,MT_59,Consider request round1,26/06/2024 00:00:00
2024-05-21,00626,37,00694,1,020,มั่นใจ ไม่ จำกัด,"Munjai Mai Co., Ltd.",17,กรรมกร,20152921,MT_59,Consider request round1,26/06/2024 00:00:00
2024-05-21,00626,37,00695,2,020,มั่นใจ ไม่ จำกัด,"Munjai Mai Co., Ltd.",17,กรรมกร,20152921,MT_59,Consider request round1,26/06/2024 00:00:00
2024-05-21,00626,37,00696,3,020,มั่นใจ ไม่ จำกัด,"Munjai Mai Co., Ltd.",17,กรรมกร,20152921,MT_59,Consider request round1,26/06/2024 00:00:00
2024-05-20,00627,38,00697,1,020,มั่นใจ ไม่ จำกัด,"Munjai Mai Co., Ltd.",17,กรรมกร,20152921,MT_59,Consider request round1,26/06/2024 00:00:00
2024-05-20,00627,38,00698,2,020,มั่นใจ ไม่ จำกัด,"Munjai Mai Co., Ltd.",17,กรรมกร,20152921,MT_59,Consider request round1,26/06/2024 00:00:00
2024-05-20,00627,38,00699,3,020,มั่นใจ ไม่ จำกัด,"Munjai Mai Co., Ltd.",17,กรรมกร,20152921,MT_59,Consider request round1,26/06/2024 00:00:00
2024-05-20,00627,38,00700,4,020,มั่นใจ ไม่ จำกัด,"Munjai Mai Co., Ltd.",17,กรรมกร,20152921,MT_59,Consider request round1,26/06/2024 00:00:00
2024-05-19,00628,39,00701,1,020,มั่นใจ ไม่ จำกัด,"Munjai Mai Co., Ltd.",17,กรรมกร,20152921,MT_59,Consider request round1,26/06/2024 00:00:00
2024-05-18,00629,40,00702,1,020,มั่นใจ ไม่ จำกัด,"Munjai Mai Co., Ltd.",17,กรรมกร,20152921,MT_59,Consider request round1,26/06/2024 00:00:00
2024-05-18,00629,40,00703,2,020,มั่นใจ ไม่ จำกัด,"Munjai Mai Co., Ltd.",17,กรรมกร,20152921,MT_59,Consider request round1,26/06/2024 00:00:00
2024-05-17,00630,41,00704,1,020,มั่นใจ ไม่ จำกัด,"Munjai Mai Co., Ltd.",17,กรรมกร,20152921,MT_59,Consider request round1,26/06/2024 00:00:00
2024-05-17,00630,41,00705,2,020,มั่นใจ ไม่ จำกัด,"Munjai Mai Co., Ltd.",17,กรรมกร,20152921,MT_59,Consider request round1,26/06/2024 00:00:00
2024-05-16,00631,42,00706,1,020,มั่นใจ ไม่ จำกัด,"Munjai Mai Co., Ltd.",17,กรรมกร,20152921,MT_59,Consider request round1,26/06/2024 00:00:00
2024-05-16,00631,42,00707,2,020,มั่นใจ ไม่ จำกัด,"Munjai Mai Co., Ltd.",17,กรรมกร,20152921,MT_59,Consider request round1,26/06/2024 00:00:00
2024-05-16,00631,42,00708,3,020,มั่นใจ ไม่ จำกัด,"Munjai Mai Co., Ltd.",17,กรรมกร,20152921,MT_59,Consider request round1,26/06/2024 00:00:00
2024-05-16,00631,42,00709,4,020,มั่นใจ ไม่ จำกัด,"Munjai Mai Co., Ltd.",17,กรรมกร,20152921,MT_59,Consider request round1,26/06/2024 00:00:00
2024-05-16,00631,42,00710,5,020,มั่นใจ ไม่ จำกัด,"Munjai Mai Co., Ltd.",17,กรรมกร,20152921,MT_59,Consider request round1,26/06/2024 00:00:00
2024-05-15,00632,43,00711,1,020,มั่นใจ ไม่ จำกัด,"Munjai Mai Co., Ltd.",17,กรรมกร,20152921,MT_59,Consider request round1,26/06/2024 00:00:00
2024-05-15,00632,43,00712,2,020,มั่นใจ ไม่ จำกัด,"Munjai Mai Co., Ltd.",17,กรรมกร,20152921,MT_59,Consider request round1,26/06/2024 00:00:00
2024-05-15,00632,43,00713,3,020,มั่นใจ ไม่ จำกัด,"Munjai Mai Co., Ltd.",17,กรรมกร,20152921,MT_59,Consider request round1,26/06/2024 00:00:00
2024-05-15,00632,43,00714,4,020,มั่นใจ ไม่ จำกัด,"Munjai Mai Co., Ltd.",17,กรรมกร,20152921,MT_59,Consider request round1,26/06/2024 00:00:00
2024-05-15,00632,43,00715,5,020,มั่นใจ ไม่ จำกัด,"Munjai Mai Co., Ltd.",17,กรรมกร,20152921,MT_59,Consider request round1,26/06/2024 00:00:00
2024-05-15,00632,43,00716,6,020,มั่นใจ ไม่ จำกัด,"Munjai Mai Co., Ltd.",17,กรรมกร,20152921,MT_59,Consider request round1,26/06/2024 00:00:00
2024-05-15,00632,43,00717,7,020,มั่นใจ ไม่ จำกัด,"Munjai Mai Co., Ltd.",17,กรรมกร,20152921,MT_59,Consider request round1,26/06/2024 00:00:00
2024-05-15,00632,43,00718,8,020,มั่นใจ ไม่ จำกัด,"Munjai Mai Co., Ltd.",17,กรรมกร,20152921,MT_59,Consider request round1,26/06/2024 00:00:00
2024-05-15,00632,43,00719,9,020,มั่นใจ ไม่ จำกัด,"Munjai Mai Co., Ltd.",17,กรรมกร,20152921,MT_59,Consider request round1,26/06/2024 00:00:00
2024-05-14,00633,44,00720,1,020,มั่นใจ ไม่ จำกัด,"Munjai Mai Co., Ltd.",17,กรรมกร,20152921,MT_59,Consider request round1,26/06/2024 00:00:00
2024-05-14,00633,44,00721,2,020,มั่นใจ ไม่ จำกัด,"Munjai Mai Co., Ltd.",17,กรรมกร,20152921,MT_59,Consider request round1,26/06/2024 00:00:00
2024-05-14,00633,44,00722,3,020,มั่นใจ ไม่ จำกัด,"Munjai Mai Co., Ltd.",17,กรรมกร,20152921,MT_59,Consider request round1,26/06/2024 00:00:00
2024-05-14,00633,44,00723,4,020,มั่นใจ ไม่ จำกัด,"Munjai Mai Co., Ltd.",17,กรรมกร,20152921,MT_59,Consider request round1,26/06/2024 00:00:00
2024-05-14,00633,44,00724,5,020,มั่นใจ ไม่ จำกัด,"Munjai Mai Co., Ltd.",17,กรรมกร,20152921,MT_59,Consider request round1,26/06/2024 00:00:00
2024-05-14,00633,44,00725,6,020,มั่นใจ ไม่ จำกัด,"Munjai Mai Co., Ltd.",17,กรรมกร,20152921,MT_59,Consider request round1,26/06/2024 00:00:00
2024-05-14,00633,44,00726,7,020,มั่นใจ ไม่ จำกัด,"Munjai Mai Co., Ltd.",17,กรรมกร,20152921,MT_59,Consider request round1,26/06/2024 00:00:00
2024-05-13,00634,45,00727,1,020,มั่นใจ ไม่ จำกัด,"Munjai Mai Co., Ltd.",17,กรรมกร,20152921,MT_59,Consider request round1,26/06/2024 00:00:00
2024-05-12,00635,46,00728,1,020,มั่นใจ ไม่ จำกัด,"Munjai Mai Co., Ltd.",17,กรรมกร,20152921,MT_59,Consider request round1,26/06/2024 00:00:00
2024-05-12,00635,46,00729,2,020,มั่นใจ ไม่ จำกัด,"Munjai Mai Co., Ltd.",17,กรรมกร,20152921,MT_59,Consider request round1,26/06/2024 00:00:00
2024-05-12,00635,46,00730,3,020,มั่นใจ ไม่ จำกัด,"Munjai Mai Co., Ltd.",17,กรรมกร,20152921,MT_59,Consider request round1,26/06/2024 00:00:00
2024-05-12,00635,46,00731,4,020,มั่นใจ ไม่ จำกัด,"Munjai Mai Co., Ltd.",17,กรรมกร,20152921,MT_59,Consider request round1,26/06/2024 00:00:00
2024-05-12,00635,46,00732,5,020,มั่นใจ ไม่ จำกัด,"Munjai Mai Co., Ltd.",17,กรรมกร,20152921,MT_59,Consider request round1,26/06/2024 00:00:00
2024-05-12,00635,46,00733,6,020,มั่นใจ ไม่ จำกัด,"Munjai Mai Co., Ltd.",17,กรรมกร,20152921,MT_59,Consider request round1,26/06/2024 00:00:00
2024-05-12,00635,46,00734,7,020,มั่นใจ ไม่ จำกัด,"Munjai Mai Co., Ltd.",17,กรรมกร,20152921,MT_59,Consider request round1,26/06/2024 00:00:00
2024-05-12,00635,46,00735,8,020,มั่นใจ ไม่ จำกัด,"Munjai Mai Co., Ltd.",17,กรรมกร,20152921,MT_59,Consider request round1,26/06/2024 00:00:00
2024-05-11,00636,47,00736,1,020,มั่นใจ ไม่ จำกัด,"Munjai Mai Co., Ltd.",17,กรรมกร,20152921,MT_59,Consider request round1,26/06/2024 00:00:00
2024-05-11,00636,47,00737,2,020,มั่นใจ ไม่ จำกัด,"Munjai Mai Co., Ltd.",17,กรรมกร,20152921,MT_59,Consider request round1,26/06/2024 00:00:00
2024-05-11,00636,47,00738,3,020,มั่นใจ ไม่ จำกัด,"Munjai Mai Co., Ltd.",17,กรรมกร,20152921,MT_59,Consider request round1,26/06/2024 00:00:00
2024-05-10,00637,48,00739,1,020,มั่นใจ ไม่ จำกัด,"Munjai Mai Co., Ltd.",17,กรรมกร,20152921,MT_59,Consider request round1,26/06/2024 00:00:00
2024-05-10,00637,48,00740,2,020,มั่นใจ ไม่ จำกัด,"Munjai Mai Co., Ltd.",17,กรรมกร,20152921,MT_59,Consider request round1,26/06/2024 00:00:00
2024-05-10,00637,48,00741,3,020,มั่นใจ ไม่ จำกัด,"Munjai Mai Co., Ltd.",17,กรรมกร,20152921,MT_59,Consider request round1,26/06/2024 00:00:00
2024-05-10,00637,48,00742,4,020,มั่นใจ ไม่ จำกัด,"Munjai Mai Co., Ltd.",17,กรรมกร,20152921,MT_59,Consider request round1,26/06/2024 00:00:00
2024-05-09,00638,49,00743,1,020,มั่นใจ ไม่ จำกัด,"Munjai Mai Co., Ltd.",17,กรรมกร,20152921,MT_59,Consider request round1,26/06/2024 00:00:00
2024-05-09,00638,49,00744,2,020,มั่นใจ ไม่ จำกัด,"Munjai Mai Co., Ltd.",17,กรรมกร,20152921,MT_59,Consider request round1,26/06/2024 00:00:00
2024-05-09,00638,49,00745,3,020,มั่นใจ ไม่ จำกัด,"Munjai Mai Co., Ltd.",17,กรรมกร,20152921,MT_59,Consider request round1,26/06/2024 00:00:00
2024-05-09,00638,49,00746,4,020,มั่นใจ ไม่ จำกัด,"Munjai Mai Co., Ltd.",17,กรรมกร,20152921,MT_59,Consider request round1,26/06/2024 00:00:00
2024-05-09,00638,49,00747,5,020,มั่นใจ ไม่ จำกัด,"Munjai Mai Co., Ltd.",17,กรรมกร,20152921,MT_59,Consider request round1,26/06/2024 00:00:00
2024-05-09,00638,49,00748,6,020,มั่นใจ ไม่ จำกัด,"Munjai Mai Co., Ltd.",17,กรรมกร,20152921,MT_59,Consider request round1,26/06/2024 00:00:00
2024-05-09,00638,49,00749,7,020,มั่นใจ ไม่ จำกัด,"Munjai Mai Co., Ltd.",17,กรรมกร,20152921,MT_59,Consider request round1,26/06/2024 00:00:00
2024-05-09,00638,49,00750,8,020,มั่นใจ ไม่ จำกัด,"Munjai Mai Co., Ltd.",17,กรรมกร,20152921,MT_59,Consider request round1,26/06/2024 00:00:00
2024-05-08,00639,50,00751,1,020,มั่นใจ ไม่ จำกัด,"Munjai Mai Co., Ltd.",17,กรรมกร,20152921,MT_59,Consider request round1,26/06/2024 00:00:00
2024-05-08,00639,50,00752,2,020,มั่นใจ ไม่ จำกัด,"Munjai Mai Co., Ltd.",17,กรรมกร,20152921,MT_59,Consider request round1,26/06/2024 00:00:00
2024-05-08,00639,50,00753,3,020,มั่นใจ ไม่ จำกัด,"Munjai Mai Co., Ltd.",17,กรรมกร,20152921,MT_59,Consider request round1,26/06/2024 00:00:00
2024-05-07,00640,51,00754,1,020,มั่นใจ ไม่ จำกัด,"Munjai Mai Co., Ltd.",17,กรรมกร,20152921,MT_59,Consider request round1,26/06/2024 00:00:00
2024-05-07,00640,51,00755,2,020,มั่นใจ ไม่ จำกัด,"Munjai Mai Co., Ltd.",17,กรรมกร,20152921,MT_59,Consider request round1,26/06/2024 00:00:00
2024-05-07,00640,51,00756,3,020,มั่นใจ ไม่ จำกัด,"Munjai Mai Co., Ltd.",17,กรรมกร,20152921,MT_59,Consider request round1,26/06/2024 00:00:00
2024-05-07,00640,51,00757,4,020,มั่นใจ ไม่ จำกัด,"Munjai Mai Co., Ltd.",17,กรรมกร,20152921,MT_59,Consider request round1,26/06/2024 00:00:00
2024-05-07,00640,51,00758,5,020,มั่นใจ ไม่ จำกัด,"Munjai Mai Co., Ltd.",17,กรรมกร,20152921,MT_59,Consider request round1,26/06/2024 00:00:00
2024-05-07,00640,51,00759,6,020,มั่นใจ ไม่ จำกัด,"Munjai Mai Co., Ltd.",17,กรรมกร,20152921,MT_59,Consider request round1,26/06/2024 00:00:00
2024-05-07,00640,51,00760,7,020,มั่นใจ ไม่ จำกัด,"Munjai Mai Co., Ltd.",17,กรรมกร,20152921,MT_59,Consider request round1,26/06/2024 00:00:00
2024-05-06,00641,52,00761,1,020,มั่นใจ ไม่ จำกัด,"Munjai Mai Co., Ltd.",17,กรรมกร,20152921,MT_59,Consider request round1,26/06/2024 00:00:00
2024-05-06,00641,52,00762,2,020,มั่นใจ ไม่ จำกัด,"Munjai Mai Co., Ltd.",17,กรรมกร,20152921,MT_59,Consider request round1,26/06/2024 00:00:00
2024-05-06,00641,52,00763,3,020,มั่นใจ ไม่ จำกัด,"Munjai Mai Co., Ltd.",17,กรรมกร,20152921,MT_59,Consider request round1,26/06/2024 00:00:00
2024-05-05,00642,53,00764,1,020,มั่นใจ ไม่ จำกัด,"Munjai Mai Co., Ltd.",17,กรรมกร,20152921,MT_59,Consider request round1,26/06/2024 00:00:00
2024-05-04,00643,54,00765,1,020,มั่นใจ ไม่ จำกัด,"Munjai Mai Co., Ltd.",17,กรรมกร,20152921,MT_59,Consider request round1,26/06/2024 00:00:00
2024-05-04,00643,54,00766,2,020,มั่นใจ ไม่ จำกัด,"Munjai Mai Co., Ltd.",17,กรรมกร,20152921,MT_59,Consider request round1,26/06/2024 00:00:00
2024-05-04,00643,54,00767,3,020,มั่นใจ ไม่ จำกัด,"Munjai Mai Co., Ltd.",17,กรรมกร,20152921,MT_59,Consider request round1,26/06/2024 00:00:00
2024-05-04,00643,54,00768,4,020,มั่นใจ ไม่ จำกัด,"Munjai Mai Co., Ltd.",17,กรรมกร,20152921,MT_59,Consider request round1,26/06/2024 00:00:00
2024-05-04,00643,54,00769,5,020,มั่นใจ ไม่ จำกัด,"Munjai Mai Co., Ltd.",17,กรรมกร,20152921,MT_59,Consider request round1,26/06/2024 00:00:00
2024-05-04,00643,54,00770,6,020,มั่นใจ ไม่ จำกัด,"Munjai Mai Co., Ltd.",17,กรรมกร,20152921,MT_59,Consider request round1,26/06/2024 00:00:00
2024-05-04,00643,54,00771,7,020,มั่นใจ ไม่ จำกัด,"Munjai Mai Co., Ltd.",17,กรรมกร,20152921,MT_59,Consider request round1,26/06/2024 00:00:00
2024-05-03,00644,55,00772,1,020,มั่นใจ ไม่ จำกัด,"Munjai Mai Co., Ltd.",17,กรรมกร,20152921,MT_59,Consider request round1,26/06/2024 00:00:00
2024-05-03,00644,55,00773,2,020,มั่นใจ ไม่ จำกัด,"Munjai Mai Co., Ltd.",17,กรรมกร,20152921,MT_59,Consider request round1,26/06/2024 00:00:00
2024-05-03,00644,55,00774,3,020,มั่นใจ ไม่ จำกัด,"Munjai Mai Co., Ltd.",17,กรรมกร,20152921,MT_59,Consider request round1,26/06/2024 00:00:00
2024-05-02,00645,56,00775,1,020,มั่นใจ ไม่ จำกัด,"Munjai Mai Co., Ltd.",17,กรรมกร,20152921,MT_59,Consider request round1,26/06/2024 00:00:00
2024-05-02,00645,56,00776,2,020,มั่นใจ ไม่ จำกัด,"Munjai Mai Co., Ltd.",17,กรรมกร,20152921,MT_59,Consider request round1,26/06/2024 00:00:00
2024-05-02,00645,56,00777,3,020,มั่นใจ ไม่ จำกัด,"Munjai Mai Co., Ltd.",17,กรรมกร,20152921,MT_59,Consider request round1,26/06/2024 00:00:00
2024-05-02,00645,56,00778,4,020,มั่นใจ ไม่ จำกัด,"Munjai Mai Co., Ltd.",17,กรรมกร,20152921,MT_59,Consider request round1,26/06/2024 00:00:00
2024-05-02,00645,56,00779,5,020,มั่นใจ ไม่ จำกัด,"Munjai Mai Co., Ltd.",17,กรรมกร,20152921,MT_59,Consider request round1,26/06/2024 00:00:00
2024-05-02,00645,56,00780,6,020,มั่นใจ ไม่ จำกัด,"Munjai Mai Co., Ltd.",17,กรรมกร,20152921,MT_59,Consider request round1,26/06/2024 00:00:00
2024-05-02,00645,56,00781,7,020,มั่นใจ ไม่ จำกัด,"Munjai Mai Co., Ltd.",17,กรรมกร,20152921,MT_59,Consider request round1,26/06/2024 00:00:00
2024-05-02,00645,56,00782,8,020,มั่นใจ ไม่ จำกัด,"Munjai Mai Co., Ltd.",17,กรรมกร,20152921,MT_59,Consider request round1,26/06/2024 00:00:00
2024-05-02,00645,56,00783,9,020,มั่นใจ ไม่ จำกัด,"Munjai Mai Co., Ltd.",17,กรรมกร,20152921,MT_59,Consider request round1,26/06/2024 00:00:00
2024-05-02,00645,56,00784,10,020,มั่นใจ ไม่ จำกัด,"Munjai Mai Co., Ltd.",17,กรรมกร,20152921,MT_59,Consider request round1,26/06/2024 00:00:00
2024-05-01,00646,57,00785,1,020,มั่นใจ ไม่ จำกัด,"Munjai Mai Co., Ltd.",17,กรรมกร,20152921,MT_59,Consider request round1,26/06/2024 00:00:00
2024-05-01,00646,57,00786,2,020,มั่นใจ ไม่ จำกัด,"Munjai Mai Co., Ltd.",17,กรรมกร,20152921,MT_59,Consider request round1,26/06/2024 00:00:00
2024-05-01,00646,57,00787,3,020,มั่นใจ ไม่ จำกัด,"Munjai Mai Co., Ltd.",17,กรรมกร,20152921,MT_59,Consider request round1,26/06/2024 00:00:00
2024-05-01,00646,57,00788,4,020,มั่นใจ ไม่ จำกัด,"Munjai Mai Co., Ltd.",17,กรรมกร,20152921,MT_59,Consider request round1,26/06/2024 00:00:00
2024-05-01,00646,57,00789,5,020,มั่นใจ ไม่ จำกัด,"Munjai Mai Co., Ltd.",17,กรรมกร,20152921,MT_59,Consider request round1,26/06/2024 00:00:00
2024-05-01,00646,57,00790,6,020,มั่นใจ ไม่ จำกัด,"Munjai Mai Co., Ltd.",17,กรรมกร,20152921,MT_59,Consider request round1,26/06/2024 00:00:00
2024-05-01,00646,57,00791,7,020,มั่นใจ ไม่ จำกัด,"Munjai Mai Co., Ltd.",17,กรรมกร,20152921,MT_59,Consider request round1,26/06/2024 00:00:00
2024-05-01,00646,57,00792,8,020,มั่นใจ ไม่ จำกัด,"Munjai Mai Co., Ltd.",17,กรรมกร,20152921,MT_59,Consider request round1,26/06/2024 00:00:00
2024-05-01,00646,57,00793,9,020,มั่นใจ ไม่ จำกัด,"Munjai Mai Co., Ltd.",17,กรรมกร,20152921,MT_59,Consider request round1,26/06/2024 00:00:00
2024-05-01,00646,57,00794,10,020,มั่นใจ ไม่ จำกัด,"Munjai Mai Co., Ltd.",17,กรรมกร,20152921,MT_59,Consider request round1,26/06/2024 00:00:00
2024-04-30,00647,58,00795,1,020,มั่นใจ ไม่ จำกัด,"Munjai Mai Co., Ltd.",17,กรรมกร,20152921,MT_59,Consider request round1,26/06/2024 00:00:00
2024-04-30,00647,58,00796,2,020,มั่นใจ ไม่ จำกัด,"Munjai Mai Co., Ltd.",17,กรรมกร,20152921,MT_59,Consider request round1,26/06/2024 00:00:00
2024-04-30,00647,58,00797,3,020,มั่นใจ ไม่ จำกัด,"Munjai Mai Co., Ltd.",17,กรรมกร,20152921,MT_59,Consider request round1,26/06/2024 00:00:00
2024-04-30,00647,58,00798,4,020,มั่นใจ ไม่ จำกัด,"Munjai Mai Co., Ltd.",17,กรรมกร,20152921,MT_59,Consider request round1,26/06/2024 00:00:00
2024-04-30,00647,58,00799,5,020,มั่นใจ ไม่ จำกัด,"Munjai Mai Co., Ltd.",17,กรรมกร,20152921,MT_59,Consider request round1,26/06/2024 00:00:00
2024-04-30,00647,58,00800,6,020,มั่นใจ ไม่ จำกัด,"Munjai Mai Co., Ltd.",17,กรรมกร,20152921,MT_59,Consider request round1,26/06/2024 00:00:00
2024-04-30,00647,58,00801,7,020,มั่นใจ ไม่ จำกัด,"Munjai Mai Co., Ltd.",17,กรรมกร,20152921,MT_59,Consider request round1,26/06/2024 00:00:00
2024-04-30,00647,58,00802,8,020,มั่นใจ ไม่ จำกัด,"Munjai Mai Co., Ltd.",17,กรรมกร,20152921,MT_59,Consider request round1,26/06/2024 00:00:00
2024-04-30,00647,58,00803,9,020,มั่นใจ ไม่ จำกัด,"Munjai Mai Co., Ltd.",17,กรรมกร,20152921,MT_59,Consider request round1,26/06/2024 00:00:00
2024-04-29,00648,59,00804,1,020,มั่นใจ ไม่ จำกัด,"Munjai Mai Co., Ltd.",17,กรรมกร,20152921,MT_59,Consider request round1,26/06/2024 00:00:00
2024-04-29,00648,59,00805,2,020,มั่นใจ ไม่ จำกัด,"Munjai Mai Co., Ltd.",17,กรรมกร,20152921,MT_59,Consider request round1,26/06/2024 00:00:00
2024-04-29,00648,59,00806,3,020,มั่นใจ ไม่ จำกัด,"Munjai Mai Co., Ltd.",17,กรรมกร,20152921,MT_59,Consider request round1,26/06/2024 00:00:00
2024-04-29,00648,59,00807,4,020,มั่นใจ ไม่ จำกัด,"Munjai Mai Co., Ltd.",17,กรรมกร,20152921,MT_59,Consider request round1,26/06/2024 00:00:00
2024-04-29,00648,59,00808,5,020,มั่นใจ ไม่ จำกัด,"Munjai Mai Co., Ltd.",17,กรรมกร,20152921,MT_59,Consider request round1,26/06/2024 00:00:00
2024-04-28,00649,60,00809,1,020,มั่นใจ ไม่ จำกัด,"Munjai Mai Co., Ltd.",17,กรรมกร,20152921,MT_59,Consider request round1,26/06/2024 00:00:00
2024-04-28,00649,60,00810,2,020,มั่นใจ ไม่ จำกัด,"Munjai Mai Co., Ltd.",17,กรรมกร,20152921,MT_59,Consider request round1,26/06/2024 00:00:00
2024-04-28,00649,60,00811,3,020,มั่นใจ ไม่ จำกัด,"Munjai Mai Co., Ltd.",17,กรรมกร,20152921,MT_59,Consider request round1,26/06/2024 00:00:00
2024-04-28,00649,60,00812,4,020,มั่นใจ ไม่ จำกัด,"Munjai Mai Co., Ltd.",17,กรรมกร,20152921,MT_59,Consider request round1,26/06/2024 00:00:00
2024-04-28,00649,60,00813,5,020,มั่นใจ ไม่ จำกัด,"Munjai Mai Co., Ltd.",17,กรรมกร,20152921,MT_59,Consider request round1,26/06/2024 00:00:00
2024-04-28,00649,60,00814,6,020,มั่นใจ ไม่ จำกัด,"Munjai Mai Co., Ltd.",17,กรรมกร,20152921,MT_59,Consider request round1,26/06/2024 00:00:00
2024-04-28,00649,60,00815,7,020,มั่นใจ ไม่ จำกัด,"Munjai Mai Co., Ltd.",17,กรรมกร,20152921,MT_59,Consider request round1,26/06/2024 00:00:00
2024-04-28,00649,60,00816,8,020,มั่นใจ ไม่ จำกัด,"Munjai Mai Co., Ltd.",17,กรรมกร,20152921,MT_59,Consider request round1,26/06/2024 00:00:00
2024-04-27,00650,61,00817,1,020,มั่นใจ ไม่ จำกัด,"Munjai Mai Co., Ltd.",17,กรรมกร,20152921,MT_59,Consider request round1,26/06/2024 00:00:00
2024-04-27,00650,61,00818,2,020,มั่นใจ ไม่ จำกัด,"Munjai Mai Co., Ltd.",17,กรรมกร,20152921,MT_59,Consider request round1,26/06/2024 00:00:00
2024-04-27,00650,61,00819,3,020,มั่นใจ ไม่ จำกัด,"Munjai Mai Co., Ltd.",17,กรรมกร,20152921,MT_59,Consider request round1,26/06/2024 00:00:00
2024-04-27,00650,61,00820,4,020,มั่นใจ ไม่ จำกัด,"Munjai Mai Co., Ltd.",17,กรรมกร,20152921,MT_59,Consider request round1,26/06/2024 00:00:00
2024-04-27,00650,61,00821,5,020,มั่นใจ ไม่ จำกัด,"Munjai Mai Co., Ltd.",17,กรรมกร,20152921,MT_59,Consider request round1,26/06/2024 00:00:00
2024-04-27,00650,61,00822,6,020,มั่นใจ ไม่ จำกัด,"Munjai Mai Co., Ltd.",17,กรรมกร,20152921,MT_59,Consider request round1,26/06/2024 00:00:00
2024-04-27,00650,61,00823,7,020,มั่นใจ ไม่ จำกัด,"Munjai Mai Co., Ltd.",17,กรรมกร,20152921,MT_59,Consider request round1,26/06/2024 00:00:00
2024-04-27,00650,61,00824,8,020,มั่นใจ ไม่ จำกัด,"Munjai Mai Co., Ltd.",17,กรรมกร,20152921,MT_59,Consider request round1,26/06/2024 00:00:00
2024-04-26,00651,62,00825,1,020,มั่นใจ ไม่ จำกัด,"Munjai Mai Co., Ltd.",17,กรรมกร,20152921,MT_59,Consider request round1,26/06/2024 00:00:00
2024-04-26,00651,62,00826,2,020,มั่นใจ ไม่ จำกัด,"Munjai Mai Co., Ltd.",17,กรรมกร,20152921,MT_59,Consider request round1,26/06/2024 00:00:00
2024-04-26,00651,62,00827,3,020,มั่นใจ ไม่ จำกัด,"Munjai Mai Co., Ltd.",17,กรรมกร,20152921,MT_59,Consider request round1,26/06/2024 00:00:00
2024-04-26,00651,62,00828,4,020,มั่นใจ ไม่ จำกัด,"Munjai Mai Co., Ltd.",17,กรรมกร,20152921,MT_59,Consider request round1,26/06/2024 00:00:00
2024-04-26,00651,62,00829,5,020,มั่นใจ ไม่ จำกัด,"Munjai Mai Co., Ltd.",17,กรรมกร,20152921,MT_59,Consider request round1,26/06/2024 00:00:00
2024-04-26,00651,62,00830,6,020,มั่นใจ ไม่ จำกัด,"Munjai Mai Co., Ltd.",17,กรรมกร,20152921,MT_59,Consider request round1,26/06/2024 00:00:00
2024-04-26,00651,62,00831,7,020,มั่นใจ ไม่ จำกัด,"Munjai Mai Co., Ltd.",17,กรรมกร,20152921,MT_59,Consider request round1,26/06/2024 00:00:00
2024-04-26,00651,62,00832,8,020,มั่นใจ ไม่ จำกัด,"Munjai Mai Co., Ltd.",17,กรรมกร,20152921,MT_59,Consider request round1,26/06/2024 00:00:00
2024-04-25,00652,63,00833,1,020,มั่นใจ ไม่ จำกัด,"Munjai Mai Co., Ltd.",17,กรรมกร,20152921,MT_59,Consider request round1,26/06/2024 00:00:00
2024-04-25,00652,63,00834,2,020,มั่นใจ ไม่ จำกัด,"Munjai Mai Co., Ltd.",17,กรรมกร,20152921,MT_59,Consider request round1,26/06/2024 00:00:00
2024-04-24,00653,64,00835,1,020,มั่นใจ ไม่ จำกัด,"Munjai Mai Co., Ltd.",17,กรรมกร,20152921,MT_59,Consider request round1,26/06/2024 00:00:00
2024-04-24,00653,64,00836,2,020,มั่นใจ ไม่ จำกัด,"Munjai Mai Co., Ltd.",17,กรรมกร,20152921,MT_59,Consider request round1,26/06/2024 00:00:00
2024-04-24,00653,64,00837,3,020,มั่นใจ ไม่ จำกัด,"Munjai Mai Co., Ltd.",17,กรรมกร,20152921,MT_59,Consider request round1,26/06/2024 00:00:00
2024-04-24,00653,64,00838,4,020,มั่นใจ ไม่ จำกัด,"Munjai Mai Co., Ltd.",17,กรรมกร,20152921,MT_59,Consider request round1,26/06/2024 00:00:00
2024-04-24,00653,64,00839,5,020,มั่นใจ ไม่ จำกัด,"Munjai Mai Co., Ltd.",17,กรรมกร,20152921,MT_59,Consider request round1,26/06/2024 00:00:00
2024-04-24,00653,64,00840,6,020,มั่นใจ ไม่ จำกัด,"Munjai Mai Co., Ltd.",17,กรรมกร,20152921,MT_59,Consider request round1,26/06/2024 00:00:00
2024-04-24,00653,64,00841,7,020,มั่นใจ ไม่ จำกัด,"Munjai Mai Co., Ltd.",17,กรรมกร,20152921,MT_59,Consider request round1,26/06/2024 00:00:00
2024-04-24,00653,64,00842,8,020,มั่นใจ ไม่ จำกัด,"Munjai Mai Co., Ltd.",17,กรรมกร,20152921,MT_59,Consider request round1,26/06/2024 00:00:00
2024-04-24,00653,64,00843,9,020,มั่นใจ ไม่ จำกัด,"Munjai Mai Co., Ltd.",17,กรรมกร,20152921,MT_59,Consider request round1,26/06/2024 00:00:00
2024-04-24,00653,64,00844,10,020,มั่นใจ ไม่ จำกัด,"Munjai Mai Co., Ltd.",17,กรรมกร,20152921,MT_59,Consider request round1,26/06/2024 00:00:00
2024-04-23,00654,65,00845,1,020,มั่นใจ ไม่ จำกัด,"Munjai Mai Co., Ltd.",17,กรรมกร,20152921,MT_59,Consider request round1,26/06/2024 00:00:00
2024-04-23,00654,65,00846,2,020,มั่นใจ ไม่ จำกัด,"Munjai Mai Co., Ltd.",17,กรรมกร,20152921,MT_59,Consider request round1,26/06/2024 00:00:00
2024-04-23,00654,65,00847,3,020,มั่นใจ ไม่ จำกัด,"Munjai Mai Co., Ltd.",17,กรรมกร,20152921,MT_59,Consider request round1,26/06/2024 00:00:00
2024-04-23,00654,65,00848,4,020,มั่นใจ ไม่ จำกัด,"Munjai Mai Co., Ltd.",17,กรรมกร,20152921,MT_59,Consider request round1,26/06/2024 00:00:00
2024-04-23,00654,65,00849,5,020,มั่นใจ ไม่ จำกัด,"Munjai Mai Co., Ltd.",17,กรรมกร,20152921,MT_59,Consider request round1,26/06/2024 00:00:00
2024-04-23,00654,65,00850,6,020,มั่นใจ ไม่ จำกัด,"Munjai Mai Co., Ltd.",17,กรรมกร,20152921,MT_59,Consider request round1,26/06/2024 00:00:00
2024-04-23,00654,65,00851,7,020,มั่นใจ ไม่ จำกัด,"Munjai Mai Co., Ltd.",17,กรรมกร,20152921,MT_59,Consider request round1,26/06/2024 00:00:00
2024-04-23,00654,65,00852,8,020,มั่นใจ ไม่ จำกัด,"Munjai Mai Co., Ltd.",17,กรรมกร,20152921,MT_59,Consider request round1,26/06/2024 00:00:00
2024-04-23,00654,65,00853,9,020,มั่นใจ ไม่ จำกัด,"Munjai Mai Co., Ltd.",17,กรรมกร,20152921,MT_59,Consider request round1,26/06/2024 00:00:00
2024-04-22,00655,66,00854,1,020,มั่นใจ ไม่ จำกัด,"Munjai Mai Co., Ltd.",17,กรรมกร,20152921,MT_59,Consider request round1,26/06/2024 00:00:00
2024-04-22,00655,66,00855,2,020,มั่นใจ ไม่ จำกัด,"Munjai Mai Co., Ltd.",17,กรรมกร,20152921,MT_59,Consider request round1,26/06/2024 00:00:00
2024-04-22,00655,66,00856,3,020,มั่นใจ ไม่ จำกัด,"Munjai Mai Co., Ltd.",17,กรรมกร,20152921,MT_59,Consider request round1,26/06/2024 00:00:00
2024-04-22,00655,66,00857,4,020,มั่นใจ ไม่ จำกัด,"Munjai Mai Co., Ltd.",17,กรรมกร,20152921,MT_59,Consider request round1,26/06/2024 00:00:00
2024-04-22,00655,66,00858,5,020,มั่นใจ ไม่ จำกัด,"Munjai Mai Co., Ltd.",17,กรรมกร,20152921,MT_59,Consider request round1,26/06/2024 00:00:00
2024-04-22,00655,66,00859,6,020,มั่นใจ ไม่ จำกัด,"Munjai Mai Co., Ltd.",17,กรรมกร,20152921,MT_59,Consider request round1,26/06/2024 00:00:00
2024-04-22,00655,66,00860,7,020,มั่นใจ ไม่ จำกัด,"Munjai Mai Co., Ltd.",17,กรรมกร,20152921,MT_59,Consider request round1,26/06/2024 00:00:00
2024-04-21,00656,67,00861,1,020,มั่นใจ ไม่ จำกัด,"Munjai Mai Co., Ltd.",17,กรรมกร,20152921,MT_59,Consider request round1,26/06/2024 00:00:00
2024-04-21,00656,67,00862,2,020,มั่นใจ ไม่ จำกัด,"Munjai Mai Co., Ltd.",17,กรรมกร,20152921,MT_59,Consider request round1,26/06/2024 00:00:00
2024-04-21,00656,67,00863,3,020,มั่นใจ ไม่ จำกัด,"Munjai Mai Co., Ltd.",17,กรรมกร,20152921,MT_59,Consider request round1,26/06/2024 00:00:00
2024-04-20,00657,68,00864,1,020,มั่นใจ ไม่ จำกัด,"Munjai Mai Co., Ltd.",17,กรรมกร,20152921,MT_59,Consider request round1,26/06/2024 00:00:00
2024-04-20,00657,68,00865,2,020,มั่นใจ ไม่ จำกัด,"Munjai Mai Co., Ltd.",17,กรรมกร,20152921,MT_59,Consider request round1,26/06/2024 00:00:00
2024-04-20,00657,68,00866,3,020,มั่นใจ ไม่ จำกัด,"Munjai Mai Co., Ltd.",17,กรรมกร,20152921,MT_59,Consider request round1,26/06/2024 00:00:00
2024-04-19,00658,69,00867,1,020,มั่นใจ ไม่ จำกัด,"Munjai Mai Co., Ltd.",17,กรรมกร,20152921,MT_59,Consider request round1,26/06/2024 00:00:00
2024-04-19,00658,69,00868,2,020,มั่นใจ ไม่ จำกัด,"Munjai Mai Co., Ltd.",17,กรรมกร,20152921,MT_59,Consider request round1,26/06/2024 00:00:00
2024-04-19,00658,69,00869,3,020,มั่นใจ ไม่ จำกัด,"Munjai Mai Co., Ltd.",17,กรรมกร,20152921,MT_59,Consider request round1,26/06/2024 00:00:00
2024-04-18,00659,70,00870,1,020,มั่นใจ ไม่ จำกัด,"Munjai Mai Co., Ltd.",17,กรรมกร,20152921,MT_59,Consider request round1,26/06/2024 00:00:00
2024-04-18,00659,70,00871,2,020,มั่นใจ ไม่ จำกัด,"Munjai Mai Co., Ltd.",17,กรรมกร,20152921,MT_59,Consider request round1,26/06/2024 00:00:00
2024-04-18,00659,70,00872,3,020,มั่นใจ ไม่ จำกัด,"Munjai Mai Co., Ltd.",17,กรรมกร,20152921,MT_59,Consider request round1,26/06/2024 00:00:00
2024-04-18,00659,70,00873,4,020,มั่นใจ ไม่ จำกัด,"Munjai Mai Co., Ltd.",17,กรรมกร,20152921,MT_59,Consider request round1,26/06/2024 00:00:00
2024-04-18,00659,70,00874,5,020,มั่นใจ ไม่ จำกัด,"Munjai Mai Co., Ltd.",17,กรรมกร,20152921,MT_59,Consider request round1,26/06/2024 00:00:00
2024-04-18,00659,70,00875,6,020,มั่นใจ ไม่ จำกัด,"Munjai Mai Co., Ltd.",17,กรรมกร,20152921,MT_59,Consider request round1,26/06/2024 00:00:00
2024-04-17,00660,71,00876,1,020,มั่นใจ ไม่ จำกัด,"Munjai Mai Co., Ltd.",17,กรรมกร,20152921,MT_59,Consider request round1,26/06/2024 00:00:00
2024-04-17,00660,71,00877,2,020,มั่นใจ ไม่ จำกัด,"Munjai Mai Co., Ltd.",17,กรรมกร,20152921,MT_59,Consider request round1,26/06/2024 00:00:00
2024-04-17,00660,71,00878,3,020,มั่นใจ ไม่ จำกัด,"Munjai Mai Co., Ltd.",17,กรรมกร,20152921,MT_59,Consider request round1,26/06/2024 00:00:00
2024-04-17,00660,71,00879,4,020,มั่นใจ ไม่ จำกัด,"Munjai Mai Co., Ltd.",17,กรรมกร,20152921,MT_59,Consider request round1,26/06/2024 00:00:00
2024-04-17,00660,71,00880,5,020,มั่นใจ ไม่ จำกัด,"Munjai Mai Co., Ltd.",17,กรรมกร,20152921,MT_59,Consider request round1,26/06/2024 00:00:00
2024-04-17,00660,71,00881,6,020,มั่นใจ ไม่ จำกัด,"Munjai Mai Co., Ltd.",17,กรรมกร,20152921,MT_59,Consider request round1,26/06/2024 00:00:00
2024-04-16,00661,72,00882,1,020,มั่นใจ ไม่ จำกัด,"Munjai Mai Co., Ltd.",17,กรรมกร,20152921,MT_59,Consider request round1,26/06/2024 00:00:00
2024-04-16,00661,72,00883,2,020,มั่นใจ ไม่ จำกัด,"Munjai Mai Co., Ltd.",17,กรรมกร,20152921,MT_59,Consider request round1,26/06/2024 00:00:00
2024-04-15,00662,73,00884,1,020,มั่นใจ ไม่ จำกัด,"Munjai Mai Co., Ltd.",17,กรรมกร,20152921,MT_59,Consider request round1,26/06/2024 00:00:00
2024-04-15,00662,73,00885,2,020,มั่นใจ ไม่ จำกัด,"Munjai Mai Co., Ltd.",17,กรรมกร,20152921,MT_59,Consider request round1,26/06/2024 00:00:00
2024-04-14,00663,74,00886,1,020,มั่นใจ ไม่ จำกัด,"Munjai Mai Co., Ltd.",17,กรรมกร,20152921,MT_59,Consider request round1,26/06/2024 00:00:00
2024-04-14,00663,74,00887,2,020,มั่นใจ ไม่ จำกัด,"Munjai Mai Co., Ltd.",17,กรรมกร,20152921,MT_59,Consider request round1,26/06/2024 00:00:00
2024-04-14,00663,74,00888,3,020,มั่นใจ ไม่ จำกัด,"Munjai Mai Co., Ltd.",17,กรรมกร,20152921,MT_59,Consider request round1,26/06/2024 00:00:00
2024-04-14,00663,74,00889,4,020,มั่นใจ ไม่ จำกัด,"Munjai Mai Co., Ltd.",17,กรรมกร,20152921,MT_59,Consider request round1,26/06/2024 00:00:00
2024-04-14,00663,74,00890,5,020,มั่นใจ ไม่ จำกัด,"Munjai Mai Co., Ltd.",17,กรรมกร,20152921,MT_59,Consider request round1,26/06/2024 00:00:00
2024-04-13,00664,75,00891,1,020,มั่นใจ ไม่ จำกัด,"Munjai Mai Co., Ltd.",17,กรรมกร,20152921,MT_59,Consider request round1,26/06/2024 00:00:00
2024-04-13,00664,75,00892,2,020,มั่นใจ ไม่ จำกัด,"Munjai Mai Co., Ltd.",17,กรรมกร,20152921,MT_59,Consider request round1,26/06/2024 00:00:00
2024-04-13,00664,75,00893,3,020,มั่นใจ ไม่ จำกัด,"Munjai Mai Co., Ltd.",17,กรรมกร,20152921,MT_59,Consider request round1,26/06/2024 00:00:00
2024-04-12,00665,76,00894,1,020,มั่นใจ ไม่ จำกัด,"Munjai Mai Co., Ltd.",17,กรรมกร,20152921,MT_59,Consider request round1,26/06/2024 00:00:00
2024-04-12,00665,76,00895,2,020,มั่นใจ ไม่ จำกัด,"Munjai Mai Co., Ltd.",17,กรรมกร,20152921,MT_59,Consider request round1,26/06/2024 00:00:00
2024-04-12,00665,76,00896,3,020,มั่นใจ ไม่ จำกัด,"Munjai Mai Co., Ltd.",17,กรรมกร,20152921,MT_59,Consider request round1,26/06/2024 00:00:00
2024-04-12,00665,76,00897,4,020,มั่นใจ ไม่ จำกัด,"Munjai Mai Co., Ltd.",17,กรรมกร,20152921,MT_59,Consider request round1,26/06/2024 00:00:00
2024-04-12,00665,76,00898,5,020,มั่นใจ ไม่ จำกัด,"Munjai Mai Co., Ltd.",17,กรรมกร,20152921,MT_59,Consider request round1,26/06/2024 00:00:00
2024-04-12,00665,76,00899,6,020,มั่นใจ ไม่ จำกัด,"Munjai Mai Co., Ltd.",17,กรรมกร,20152921,MT_59,Consider request round1,26/06/2024 00:00:00
2024-04-12,00665,76,00900,7,020,มั่นใจ ไม่ จำกัด,"Munjai Mai Co., Ltd.",17,กรรมกร,20152921,MT_59,Consider request round1,26/06/2024 00:00:00
2024-04-11,00666,77,00901,1,020,มั่นใจ ไม่ จำกัด,"Munjai Mai Co., Ltd.",17,กรรมกร,20152921,MT_59,Consider request round1,26/06/2024 00:00:00
2024-04-11,00666,77,00902,2,020,มั่นใจ ไม่ จำกัด,"Munjai Mai Co., Ltd.",17,กรรมกร,20152921,MT_59,Consider request round1,26/06/2024 00:00:00
2024-04-11,00666,77,00903,3,020,มั่นใจ ไม่ จำกัด,"Munjai Mai Co., Ltd.",17,กรรมกร,20152921,MT_59,Consider request round1,26/06/2024 00:00:00
2024-04-11,00666,77,00904,4,020,มั่นใจ ไม่ จำกัด,"Munjai Mai Co., Ltd.",17,กรรมกร,20152921,MT_59,Consider request round1,26/06/2024 00:00:00
2024-04-11,00666,77,00905,5,020,มั่นใจ ไม่ จำกัด,"Munjai Mai Co., Ltd.",17,กรรมกร,20152921,MT_59,Consider request round1,26/06/2024 00:00:00
2024-04-11,00666,77,00906,6,020,มั่นใจ ไม่ จำกัด,"Munjai Mai Co., Ltd.",17,กรรมกร,20152921,MT_59,Consider request round1,26/06/2024 00:00:00
2024-04-11,00666,77,00907,7,020,มั่นใจ ไม่ จำกัด,"Munjai Mai Co., Ltd.",17,กรรมกร,20152921,MT_59,Consider request round1,26/06/2024 00:00:00
2024-04-11,00666,77,00908,8,020,มั่นใจ ไม่ จำกัด,"Munjai Mai Co., Ltd.",17,กรรมกร,20152921,MT_59,Consider request round1,26/06/2024 00:00:00
2024-04-10,00667,78,00909,1,020,มั่นใจ ไม่ จำกัด,"Munjai Mai Co., Ltd.",17,กรรมกร,20152921,MT_59,Consider request round1,26/06/2024 00:00:00
2024-04-10,00667,78,00910,2,020,มั่นใจ ไม่ จำกัด,"Munjai Mai Co., Ltd.",17,กรรมกร,20152921,MT_59,Consider request round1,26/06/2024 00:00:00
2024-04-09,00668,79,00911,1,020,มั่นใจ ไม่ จำกัด,"Munjai Mai Co., Ltd.",17,กรรมกร,20152921,MT_59,Consider request round1,26/06/2024 00:00:00
2024-04-09,00668,79,00912,2,020,มั่นใจ ไม่ จำกัด,"Munjai Mai Co., Ltd.",17,กรรมกร,20152921,MT_59,Consider request round1,26/06/2024 00:00:00
2024-04-09,00668,79,00913,3,020,มั่นใจ ไม่ จำกัด,"Munjai Mai Co., Ltd.",17,กรรมกร,20152921,MT_59,Consider request round1,26/06/2024 00:00:00
2024-04-09,00668,79,00914,4,020,มั่นใจ ไม่ จำกัด,"Munjai Mai Co., Ltd.",17,กรรมกร,20152921,MT_59,Consider request round1,26/06/2024 00:00:00
2024-04-09,00668,79,00915,5,020,มั่นใจ ไม่ จำกัด,"Munjai Mai Co., Ltd.",17,กรรมกร,20152921,MT_59,Consider request round1,26/06/2024 00:00:00
2024-04-09,00668,79,00916,6,020,มั่นใจ ไม่ จำกัด,"Munjai Mai Co., Ltd.",17,กรรมกร,20152921,MT_59,Consider request round1,26/06/2024 00:00:00
2024-04-09,00668,79,00917,7,020,มั่นใจ ไม่ จำกัด,"Munjai Mai Co., Ltd.",17,กรรมกร,20152921,MT_59,Consider request round1,26/06/2024 00:00:00
2024-04-08,00669,80,00918,1,020,มั่นใจ ไม่ จำกัด,"Munjai Mai Co., Ltd.",17,กรรมกร,20152921,MT_59,Consider request round1,26/06/2024 00:00:00
2024-04-08,00669,80,00919,2,020,มั่นใจ ไม่ จำกัด,"Munjai Mai Co., Ltd.",17,กรรมกร,20152921,MT_59,Consider request round1,26/06/2024 00:00:00
2024-04-08,00669,80,00920,3,020,มั่นใจ ไม่ จำกัด,"Munjai Mai Co., Ltd.",17,กรรมกร,20152921,MT_59,Consider request round1,26/06/2024 00:00:00
2024-04-08,00669,80,00921,4,020,มั่นใจ ไม่ จำกัด,"Munjai Mai Co., Ltd.",17,กรรมกร,20152921,MT_59,Consider request round1,26/06/2024 00:00:00
2024-04-08,00669,80,00922,5,020,มั่นใจ ไม่ จำกัด,"Munjai Mai Co., Ltd.",17,กรรมกร,20152921,MT_59,Consider request round1,26/06/2024 00:00:00
2024-04-07,00670,81,00923,1,020,มั่นใจ ไม่ จำกัด,"Munjai Mai Co., Ltd.",17,กรรมกร,20152921,MT_59,Consider request round1,26/06/2024 00:00:00
2024-04-07,00670,81,00924,2,020,มั่นใจ ไม่ จำกัด,"Munjai Mai Co., Ltd.",17,กรรมกร,20152921,MT_59,Consider request round1,26/06/2024 00:00:00
2024-04-07,00670,81,00925,3,020,มั่นใจ ไม่ จำกัด,"Munjai Mai Co., Ltd.",17,กรรมกร,20152921,MT_59,Consider request round1,26/06/2024 00:00:00
2024-04-07,00670,81,00926,4,020,มั่นใจ ไม่ จำกัด,"Munjai Mai Co., Ltd.",17,กรรมกร,20152921,MT_59,Consider request round1,26/06/2024 00:00:00
2024-04-07,00670,81,00927,5,020,มั่นใจ ไม่ จำกัด,"Munjai Mai Co., Ltd.",17,กรรมกร,20152921,MT_59,Consider request round1,26/06/2024 00:00:00
2024-04-07,00670,81,00928,6,020,มั่นใจ ไม่ จำกัด,"Munjai Mai Co., Ltd.",17,กรรมกร,20152921,MT_59,Consider request round1,26/06/2024 00:00:00
2024-04-07,00670,81,00929,7,020,มั่นใจ ไม่ จำกัด,"Munjai Mai Co., Ltd.",17,กรรมกร,20152921,MT_59,Consider request round1,26/06/2024 00:00:00
2024-04-06,00671,82,00930,1,020,มั่นใจ ไม่ จำกัด,"Munjai Mai Co., Ltd.",17,กรรมกร,20152921,MT_59,Consider request round1,26/06/2024 00:00:00
2024-04-06,00671,82,00931,2,020,มั่นใจ ไม่ จำกัด,"Munjai Mai Co., Ltd.",17,กรรมกร,20152921,MT_59,Consider request round1,26/06/2024 00:00:00
2024-04-05,00672,83,00932,1,020,มั่นใจ ไม่ จำกัด,"Munjai Mai Co., Ltd.",17,กรรมกร,20152921,MT_59,Consider request round1,26/06/2024 00:00:00
2024-04-05,00672,83,00933,2,020,มั่นใจ ไม่ จำกัด,"Munjai Mai Co., Ltd.",17,กรรมกร,20152921,MT_59,Consider request round1,26/06/2024 00:00:00
2024-04-05,00672,83,00934,3,020,มั่นใจ ไม่ จำกัด,"Munjai Mai Co., Ltd.",17,กรรมกร,20152921,MT_59,Consider request round1,26/06/2024 00:00:00
2024-04-05,00672,83,00935,4,020,มั่นใจ ไม่ จำกัด,"Munjai Mai Co., Ltd.",17,กรรมกร,20152921,MT_59,Consider request round1,26/06/2024 00:00:00
2024-04-05,00672,83,00936,5,020,มั่นใจ ไม่ จำกัด,"Munjai Mai Co., Ltd.",17,กรรมกร,20152921,MT_59,Consider request round1,26/06/2024 00:00:00
2024-04-05,00672,83,00937,6,020,มั่นใจ ไม่ จำกัด,"Munjai Mai Co., Ltd.",17,กรรมกร,20152921,MT_59,Consider request round1,26/06/2024 00:00:00
2024-04-05,00672,83,00938,7,020,มั่นใจ ไม่ จำกัด,"Munjai Mai Co., Ltd.",17,กรรมกร,20152921,MT_59,Consider request round1,26/06/2024 00:00:00
2024-04-05,00672,83,00939,8,020,มั่นใจ ไม่ จำกัด,"Munjai Mai Co., Ltd.",17,กรรมกร,20152921,MT_59,Consider request round1,26/06/2024 00:00:00
2024-04-05,00672,83,00940,9,020,มั่นใจ ไม่ จำกัด,"Munjai Mai Co., Ltd.",17,กรรมกร,20152921,MT_59,Consider request round1,26/06/2024 00:00:00
2024-04-04,00673,84,00941,1,020,มั่นใจ ไม่ จำกัด,"Munjai Mai Co., Ltd.",17,กรรมกร,20152921,MT_59,Consider request round1,26/06/2024 00:00:00
2024-04-04,00673,84,00942,2,020,มั่นใจ ไม่ จำกัด,"Munjai Mai Co., Ltd.",17,กรรมกร,20152921,MT_59,Consider request round1,26/06/2024 00:00:00
2024-04-04,00673,84,00943,3,020,มั่นใจ ไม่ จำกัด,"Munjai Mai Co., Ltd.",17,กรรมกร,20152921,MT_59,Consider request round1,26/06/2024 00:00:00
2024-04-04,00673,84,00944,4,020,มั่นใจ ไม่ จำกัด,"Munjai Mai Co., Ltd.",17,กรรมกร,20152921,MT_59,Consider request round1,26/06/2024 00:00:00
2024-04-04,00673,84,00945,5,020,มั่นใจ ไม่ จำกัด,"Munjai Mai Co., Ltd.",17,กรรมกร,20152921,MT_59,Consider request round1,26/06/2024 00:00:00
2024-04-03,00674,85,00946,1,020,มั่นใจ ไม่ จำกัด,"Munjai Mai Co., Ltd.",17,กรรมกร,20152921,MT_59,Consider request round1,26/06/2024 00:00:00
2024-04-03,00674,85,00947,2,020,มั่นใจ ไม่ จำกัด,"Munjai Mai Co., Ltd.",17,กรรมกร,20152921,MT_59,Consider request round1,26/06/2024 00:00:00
2024-04-03,00674,85,00948,3,020,มั่นใจ ไม่ จำกัด,"Munjai Mai Co., Ltd.",17,กรรมกร,20152921,MT_59,Consider request round1,26/06/2024 00:00:00
2024-04-03,00674,85,00949,4,020,มั่นใจ ไม่ จำกัด,"Munjai Mai Co., Ltd.",17,กรรมกร,20152921,MT_59,Consider request round1,26/06/2024 00:00:00
2024-04-03,00674,85,00950,5,020,มั่นใจ ไม่ จำกัด,"Munjai Mai Co., Ltd.",17,กรรมกร,20152921,MT_59,Consider request round1,26/06/2024 00:00:00
2024-04-02,00675,86,00951,1,020,มั่นใจ ไม่ จำกัด,"Munjai Mai Co., Ltd.",17,กรรมกร,20152921,MT_59,Consider request round1,26/06/2024 00:00:00
2024-04-02,00675,86,00952,2,020,มั่นใจ ไม่ จำกัด,"Munjai Mai Co., Ltd.",17,กรรมกร,20152921,MT_59,Consider request round1,26/06/2024 00:00:00
2024-04-02,00675,86,00953,3,020,มั่นใจ ไม่ จำกัด,"Munjai Mai Co., Ltd.",17,กรรมกร,20152921,MT_59,Consider request round1,26/06/2024 00:00:00
2024-04-01,00676,87,00954,1,020,มั่นใจ ไม่ จำกัด,"Munjai Mai Co., Ltd.",17,กรรมกร,20152921,MT_59,Consider request round1,26/06/2024 00:00:00
2024-04-01,00676,87,00955,2,020,มั่นใจ ไม่ จำกัด,"Munjai Mai Co., Ltd.",17,กรรมกร,20152921,MT_59,Consider request round1,26/06/2024 00:00:00
2024-04-01,00676,87,00956,3,020,มั่นใจ ไม่ จำกัด,"Munjai Mai Co., Ltd.",17,กรรมกร,20152921,MT_59,Consider request round1,26/06/2024 00:00:00
2024-04-01,00676,87,00957,4,020,มั่นใจ ไม่ จำกัด,"Munjai Mai Co., Ltd.",17,กรรมกร,20152921,MT_59,Consider request round1,26/06/2024 00:00:00
2024-04-01,00676,87,00958,5,020,มั่นใจ ไม่ จำกัด,"Munjai Mai Co., Ltd.",17,กรรมกร,20152921,MT_59,Consider request round1,26/06/2024 00:00:00
2024-04-01,00676,87,00959,6,020,มั่นใจ ไม่ จำกัด,"Munjai Mai Co., Ltd.",17,กรรมกร,20152921,MT_59,Consider request round1,26/06/2024 00:00:00
2024-04-01,00676,87,00960,7,020,มั่นใจ ไม่ จำกัด,"Munjai Mai Co., Ltd.",17,กรรมกร,20152921,MT_59,Consider request round1,26/06/2024 00:00:00
2024-04-01,00676,87,00961,8,020,มั่นใจ ไม่ จำกัด,"Munjai Mai Co., Ltd.",17,กรรมกร,20152921,MT_59,Consider request round1,26/06/2024 00:00:00
2024-04-01,00676,87,00962,9,020,มั่นใจ ไม่ จำกัด,"Munjai Mai Co., Ltd.",17,กรรมกร,20152921,MT_59,Consider request round1,26/06/2024 00:00:00
2024-04-01,00676,87,00963,10,020,มั่นใจ ไม่ จำกัด,"Munjai Mai Co., Ltd.",17,กรรมกร,20152921,MT_59,Consider request round1,26/06/2024 00:00:00
2024-03-31,00677,88,00964,1,020,มั่นใจ ไม่ จำกัด,"Munjai Mai Co., Ltd.",17,กรรมกร,20152921,MT_59,Consider request round1,26/06/2024 00:00:00
2024-03-31,00677,88,00965,2,020,มั่นใจ ไม่ จำกัด,"Munjai Mai Co., Ltd.",17,กรรมกร,20152921,MT_59,Consider request round1,26/06/2024 00:00:00
2024-03-31,00677,88,00966,3,020,มั่นใจ ไม่ จำกัด,"Munjai Mai Co., Ltd.",17,กรรมกร,20152921,MT_59,Consider request round1,26/06/2024 00:00:00
2024-03-31,00677,88,00967,4,020,มั่นใจ ไม่ จำกัด,"Munjai Mai Co., Ltd.",17,กรรมกร,20152921,MT_59,Consider request round1,26/06/2024 00:00:00
2024-03-31,00677,88,00968,5,020,มั่นใจ ไม่ จำกัด,"Munjai Mai Co., Ltd.",17,กรรมกร,20152921,MT_59,Consider request round1,26/06/2024 00:00:00
2024-03-31,00677,88,00969,6,020,มั่นใจ ไม่ จำกัด,"Munjai Mai Co., Ltd.",17,กรรมกร,20152921,MT_59,Consider request round1,26/06/2024 00:00:00
2024-03-30,00678,89,00970,1,020,มั่นใจ ไม่ จำกัด,"Munjai Mai Co., Ltd.",17,กรรมกร,20152921,MT_59,Consider request round1,26/06/2024 00:00:00
2024-03-30,00678,89,00971,2,020,มั่นใจ ไม่ จำกัด,"Munjai Mai Co., Ltd.",17,กรรมกร,20152921,MT_59,Consider request round1,26/06/2024 00:00:00
2024-03-30,00678,89,00972,3,020,มั่นใจ ไม่ จำกัด,"Munjai Mai Co., Ltd.",17,กรรมกร,20152921,MT_59,Consider request round1,26/06/2024 00:00:00
2024-03-30,00678,89,00973,4,020,มั่นใจ ไม่ จำกัด,"Munjai Mai Co., Ltd.",17,กรรมกร,20152921,MT_59,Consider request round1,26/06/2024 00:00:00
2024-03-30,00678,89,00974,5,020,มั่นใจ ไม่ จำกัด,"Munjai Mai Co., Ltd.",17,กรรมกร,20152921,MT_59,Consider request round1,26/06/2024 00:00:00
2024-03-30,00678,89,00975,6,020,มั่นใจ ไม่ จำกัด,"Munjai Mai Co., Ltd.",17,กรรมกร,20152921,MT_59,Consider request round1,26/06/2024 00:00:00
2024-03-30,00678,89,00976,7,020,มั่นใจ ไม่ จำกัด,"Munjai Mai Co., Ltd.",17,กรรมกร,20152921,MT_59,Consider request round1,26/06/2024 00:00:00
2024-03-30,00678,89,00977,8,020,มั่นใจ ไม่ จำกัด,"Munjai Mai Co., Ltd.",17,กรรมกร,20152921,MT_59,Consider request round1,26/06/2024 00:00:00
2024-03-30,00678,89,00978,9,020,มั่นใจ ไม่ จำกัด,"Munjai Mai Co., Ltd.",17,กรรมกร,20152921,MT_59,Consider request round1,26/06/2024 00:00:00
2024-03-29,00679,90,00979,1,020,มั่นใจ ไม่ จำกัด,"Munjai Mai Co., Ltd.",17,กรรมกร,20152921,MT_59,Consider request round1,26/06/2024 00:00:00
2024-03-29,00679,90,00980,2,020,มั่นใจ ไม่ จำกัด,"Munjai Mai Co., Ltd.",17,กรรมกร,20152921,MT_59,Consider request round1,26/06/2024 00:00:00
2024-03-29,00679,90,00981,3,020,มั่นใจ ไม่ จำกัด,"Munjai Mai Co., Ltd.",17,กรรมกร,20152921,MT_59,Consider request round1,26/06/2024 00:00:00
2024-03-29,00679,90,00982,4,020,มั่นใจ ไม่ จำกัด,"Munjai Mai Co., Ltd.",17,กรรมกร,20152921,MT_59,Consider request round1,26/06/2024 00:00:00
2024-03-29,00679,90,00983,5,020,มั่นใจ ไม่ จำกัด,"Munjai Mai Co., Ltd.",17,กรรมกร,20152921,MT_59,Consider request round1,26/06/2024 00:00:00
2024-03-29,00679,90,00984,6,020,มั่นใจ ไม่ จำกัด,"Munjai Mai Co., Ltd.",17,กรรมกร,20152921,MT_59,Consider request round1,26/06/2024 00:00:00
2024-03-29,00679,90,00985,7,020,มั่นใจ ไม่ จำกัด,"Munjai Mai Co., Ltd.",17,กรรมกร,20152921,MT_59,Consider request round1,26/06/2024 00:00:00
2024-03-29,00679,90,00986,8,020,มั่นใจ ไม่ จำกัด,"Munjai Mai Co., Ltd.",17,กรรมกร,20152921,MT_59,Consider request round1,26/06/2024 00:00:00
