TEST ID,RULE NUMBER,CASE DESCRIPTION,CREATED_TIMESTAMP,FORM_ID,FORM_ID_SEQ,ALIEN_ID,ALIEN_SEQ,EMPLOYER_ID,COMPANYNAME_TH,COMPANYNAME_EN,BUS_TYPE_ID,JOB_DESCRIPTION,EMPLOYER_NO,"JOB ANOMALY
(ตำแหน่งงานที่จ้างมากกว่าปกติ)",MASTER_FORM_TYPE,MASTER_FORM_STATUS,VALID_UNTIL
TC01,1.0,กรณีผิดปกติ: กลุ่มคนต่างด้าวยังไม่ได้แจ้งออกจากที่เก่า,2022-04-27 11:11:00,00001,1,00001,1,010,เจ๋ง ไม่ จำกัด,"Jeng Mai Co., Ltd.",9,กรรมกร,12346803,,MT_59,Consider request round1,2027-04-14 11:10:59.995
TC02,1.0,กรณีปกติ: นายจ้างมีการจ้างคนต่างด้าวในลักษณะงานและตำแหน่งต่างกัน แต่จำนวนคนเกิน 10 คน,2024-04-15 11:11:00,00002,2,00002,1,005,ฮา ไม่ จำกัด,"Hah Mai Co., Ltd.",9,กรรมกร,12346800,,MT_13_EXIT,Completed,2027-04-15 11:11:00.000
TC02,1.0,กรณีปกติ: นายจ้างมีการจ้างคนต่างด้าวในลักษณะงานและตำแหน่งต่างกัน แต่จำนวนคนเกิน 10 คน,2024-04-15 11:11:00,00002,2,00003,2,005,ฮา ไม่ จำกัด,"Hah Mai Co., Ltd.",9,งานขายของหน้าร้าน,12346800,,MT_13_EXIT,Completed,2027-04-15 11:11:00.000
TC02,1.0,กรณีปกติ: นายจ้างมีการจ้างคนต่างด้าวในลักษณะงานและตำแหน่งต่างกัน แต่จำนวนคนเกิน 10 คน,2024-04-15 11:11:00,00002,2,00004,3,005,ฮา ไม่ จำกัด,"Hah Mai Co., Ltd.",9,กรรมกร,12346800,,MT_13_EXIT,Completed,2027-04-15 11:11:00.000
TC02,1.0,กรณีปกติ: นายจ้างมีการจ้างคนต่างด้าวในลักษณะงานและตำแหน่งต่างกัน แต่จำนวนคนเกิน 10 คน,2024-04-15 11:11:00,00002,2,00005,4,005,ฮา ไม่ จำกัด,"Hah Mai Co., Ltd.",9,งานทํามือ,12346800,,MT_13_EXIT,Completed,2027-04-15 11:11:00.000
TC02,1.0,กรณีปกติ: นายจ้างมีการจ้างคนต่างด้าวในลักษณะงานและตำแหน่งต่างกัน แต่จำนวนคนเกิน 10 คน,2024-04-15 11:11:00,00002,2,00006,5,005,ฮา ไม่ จำกัด,"Hah Mai Co., Ltd.",9,กรรมกร,12346800,,MT_13_EXIT,Completed,2027-04-15 11:11:00.000
TC02,1.0,กรณีปกติ: นายจ้างมีการจ้างคนต่างด้าวในลักษณะงานและตำแหน่งต่างกัน แต่จำนวนคนเกิน 10 คน,2024-04-15 11:11:00,00002,2,00007,6,005,ฮา ไม่ จำกัด,"Hah Mai Co., Ltd.",9,งานขายของหน้าร้าน,12346800,,MT_13_EXIT,Completed,2027-04-15 11:11:00.000
TC02,1.0,กรณีปกติ: นายจ้างมีการจ้างคนต่างด้าวในลักษณะงานและตำแหน่งต่างกัน แต่จำนวนคนเกิน 10 คน,2024-04-15 11:11:00,00002,2,00008,7,005,ฮา ไม่ จำกัด,"Hah Mai Co., Ltd.",9,กรรมกร,12346800,,MT_13_EXIT,Completed,2027-04-15 11:11:00.000
TC02,1.0,กรณีปกติ: นายจ้างมีการจ้างคนต่างด้าวในลักษณะงานและตำแหน่งต่างกัน แต่จำนวนคนเกิน 10 คน,2024-04-15 11:11:00,00002,2,00009,8,005,ฮา ไม่ จำกัด,"Hah Mai Co., Ltd.",9,งานทํามือ,12346800,,MT_13_EXIT,Completed,2027-04-15 11:11:00.000
TC02,1.0,กรณีปกติ: นายจ้างมีการจ้างคนต่างด้าวในลักษณะงานและตำแหน่งต่างกัน แต่จำนวนคนเกิน 10 คน,2024-04-15 11:11:00,00002,2,00010,9,005,ฮา ไม่ จำกัด,"Hah Mai Co., Ltd.",9,กรรมกร,12346800,,MT_13_EXIT,Completed,2027-04-15 11:11:00.000
TC02,1.0,กรณีปกติ: นายจ้างมีการจ้างคนต่างด้าวในลักษณะงานและตำแหน่งต่างกัน แต่จำนวนคนเกิน 10 คน,2024-04-15 11:11:00,00002,2,00011,10,005,ฮา ไม่ จำกัด,"Hah Mai Co., Ltd.",9,งานขายของหน้าร้าน,12346800,,MT_13_EXIT,Completed,2027-04-15 11:11:00.000
TC02,1.0,กรณีปกติ: นายจ้างมีการจ้างคนต่างด้าวในลักษณะงานและตำแหน่งต่างกัน แต่จำนวนคนเกิน 10 คน,2024-04-15 11:11:00,00002,2,00012,11,005,ฮา ไม่ จำกัด,"Hah Mai Co., Ltd.",9,กรรมกร,12346800,,MT_13_EXIT,Completed,2027-04-15 11:11:00.000
TC03,1.0,กรณีปกติ: นายจ้างมีการจ้างคนต่างด้าวในลักษณะงานและตำแหน่งต่างกัน แต่จำนวนคนไม่เกิน 10 คน,2024-04-15 11:11:00,00003,3,00013,1,025,ทันโลก ไม่ จำกัด,"Tun Lok Co., Ltd.",17,งานทํารองเท้า,25356721,,MT_13_EXIT,Completed,2027-04-15 11:11:00.000
TC03,1.0,กรณีปกติ: นายจ้างมีการจ้างคนต่างด้าวในลักษณะงานและตำแหน่งต่างกัน แต่จำนวนคนไม่เกิน 10 คน,2024-04-15 11:11:00,00003,3,00014,2,025,ทันโลก ไม่ จำกัด,"Tun Lok Co., Ltd.",17,งานทําหมวก,25356721,,MT_13_EXIT,Completed,2027-04-15 11:11:00.000
TC03,1.0,กรณีปกติ: นายจ้างมีการจ้างคนต่างด้าวในลักษณะงานและตำแหน่งต่างกัน แต่จำนวนคนไม่เกิน 10 คน,2024-04-15 11:11:00,00003,3,00015,3,025,ทันโลก ไม่ จำกัด,"Tun Lok Co., Ltd.",17,กรรมกร,25356721,,MT_13_EXIT,Completed,2027-04-15 11:11:00.000
TC03,1.0,กรณีปกติ: นายจ้างมีการจ้างคนต่างด้าวในลักษณะงานและตำแหน่งต่างกัน แต่จำนวนคนไม่เกิน 10 คน,2024-04-15 11:11:00,00003,3,00016,4,025,ทันโลก ไม่ จำกัด,"Tun Lok Co., Ltd.",17,กรรมกร,25356721,,MT_13_EXIT,Completed,2027-04-15 11:11:00.000
TC03,1.0,กรณีปกติ: นายจ้างมีการจ้างคนต่างด้าวในลักษณะงานและตำแหน่งต่างกัน แต่จำนวนคนไม่เกิน 10 คน,2024-04-15 11:11:00,00003,3,00017,5,025,ทันโลก ไม่ จำกัด,"Tun Lok Co., Ltd.",17,กรรมกร,25356721,,MT_13_EXIT,Completed,2027-04-15 11:11:00.000
TC03,1.0,กรณีปกติ: นายจ้างมีการจ้างคนต่างด้าวในลักษณะงานและตำแหน่งต่างกัน แต่จำนวนคนไม่เกิน 10 คน,2024-04-15 11:11:00,00003,3,00018,6,025,ทันโลก ไม่ จำกัด,"Tun Lok Co., Ltd.",17,งานทํารองเท้า,25356721,,MT_13_EXIT,Completed,2027-04-15 11:11:00.000
TC03,1.0,กรณีปกติ: นายจ้างมีการจ้างคนต่างด้าวในลักษณะงานและตำแหน่งต่างกัน แต่จำนวนคนไม่เกิน 10 คน,2024-04-15 11:11:00,00003,3,00019,7,025,ทันโลก ไม่ จำกัด,"Tun Lok Co., Ltd.",17,งานทําหมวก,25356721,,MT_13_EXIT,Completed,2027-04-15 11:11:00.000
TC03,1.0,กรณีปกติ: นายจ้างมีการจ้างคนต่างด้าวในลักษณะงานและตำแหน่งต่างกัน แต่จำนวนคนไม่เกิน 10 คน,2024-04-15 11:11:00,00003,3,00020,8,025,ทันโลก ไม่ จำกัด,"Tun Lok Co., Ltd.",17,งานทําหมวก,25356721,,MT_13_EXIT,Completed,2027-04-15 11:11:00.000
TC03,1.0,กรณีปกติ: นายจ้างมีการจ้างคนต่างด้าวในลักษณะงานและตำแหน่งต่างกัน แต่จำนวนคนไม่เกิน 10 คน,2024-04-15 11:11:00,00003,3,00021,9,025,ทันโลก ไม่ จำกัด,"Tun Lok Co., Ltd.",17,กรรมกร,25356721,,MT_13_EXIT,Completed,2027-04-15 11:11:00.000
TC04,1.0,กรณีปกติ: นายจ้างมีการจ้างคนต่างด้าวในลักษณะงานและตำแหน่งเดียวกัน แต่จำนวนคนไม่เกิน 10 คน,2024-04-15 11:11:00,00004,4,00022,1,022,พลัง ไม่ จำกัด,"Palang Mai Co., Ltd.",18,กรรมกร,22152923,,MT_13_EXIT,Completed,2027-04-15 11:11:00.000
TC04,1.0,กรณีปกติ: นายจ้างมีการจ้างคนต่างด้าวในลักษณะงานและตำแหน่งเดียวกัน แต่จำนวนคนไม่เกิน 10 คน,2024-04-15 11:11:00,00004,4,00023,2,022,พลัง ไม่ จำกัด,"Palang Mai Co., Ltd.",18,กรรมกร,22152923,,MT_13_EXIT,Completed,2027-04-15 11:11:00.000
TC04,1.0,กรณีปกติ: นายจ้างมีการจ้างคนต่างด้าวในลักษณะงานและตำแหน่งเดียวกัน แต่จำนวนคนไม่เกิน 10 คน,2024-04-15 11:11:00,00004,4,00024,3,022,พลัง ไม่ จำกัด,"Palang Mai Co., Ltd.",18,กรรมกร,22152923,,MT_13_EXIT,Completed,2027-04-15 11:11:00.000
TC04,1.0,กรณีปกติ: นายจ้างมีการจ้างคนต่างด้าวในลักษณะงานและตำแหน่งเดียวกัน แต่จำนวนคนไม่เกิน 10 คน,2024-04-15 11:11:00,00004,4,00025,4,022,พลัง ไม่ จำกัด,"Palang Mai Co., Ltd.",18,กรรมกร,22152923,,MT_13_EXIT,Completed,2027-04-15 11:11:00.000
TC04,1.0,กรณีปกติ: นายจ้างมีการจ้างคนต่างด้าวในลักษณะงานและตำแหน่งเดียวกัน แต่จำนวนคนไม่เกิน 10 คน,2024-04-15 11:11:00,00004,4,00026,5,022,พลัง ไม่ จำกัด,"Palang Mai Co., Ltd.",18,กรรมกร,22152923,,MT_13_EXIT,Completed,2027-04-15 11:11:00.000
TC04,1.0,กรณีปกติ: นายจ้างมีการจ้างคนต่างด้าวในลักษณะงานและตำแหน่งเดียวกัน แต่จำนวนคนไม่เกิน 10 คน,2024-04-15 11:11:00,00004,4,00027,6,022,พลัง ไม่ จำกัด,"Palang Mai Co., Ltd.",18,กรรมกร,22152923,,MT_13_EXIT,Completed,2027-04-15 11:11:00.000
TC04,1.0,กรณีปกติ: นายจ้างมีการจ้างคนต่างด้าวในลักษณะงานและตำแหน่งเดียวกัน แต่จำนวนคนไม่เกิน 10 คน,2024-04-15 11:11:00,00004,4,00028,7,022,พลัง ไม่ จำกัด,"Palang Mai Co., Ltd.",18,กรรมกร,22152923,,MT_13_EXIT,Completed,2027-04-15 11:11:00.000
TC04,1.0,กรณีปกติ: นายจ้างมีการจ้างคนต่างด้าวในลักษณะงานและตำแหน่งเดียวกัน แต่จำนวนคนไม่เกิน 10 คน,2024-04-15 11:11:00,00004,4,00029,8,022,พลัง ไม่ จำกัด,"Palang Mai Co., Ltd.",18,กรรมกร,22152923,,MT_13_EXIT,Completed,2027-04-15 11:11:00.000
TC04,1.0,กรณีปกติ: นายจ้างมีการจ้างคนต่างด้าวในลักษณะงานและตำแหน่งเดียวกัน แต่จำนวนคนไม่เกิน 10 คน,2024-04-15 11:11:00,00004,4,00030,9,022,พลัง ไม่ จำกัด,"Palang Mai Co., Ltd.",18,กรรมกร,22152923,,MT_13_EXIT,Completed,2027-04-15 11:11:00.000
TC05,1.0,กรณีผิดปกติ: นายจ้างมีการจ้างคนต่างด้าวในลักษณะงานและตำแหน่งเดียวกัน แต่จำนวนคนเกิน 10 คน,2024-04-15 11:11:00,00005,5,00031,1,018,แข็งแกร่ง ไม่ จำกัด,"Kaeng Mai Co., Ltd.",17,กรรมกร,18152918,,MT_13_EXIT,Completed,2027-04-15 11:11:00.000
TC05,1.0,กรณีผิดปกติ: นายจ้างมีการจ้างคนต่างด้าวในลักษณะงานและตำแหน่งเดียวกัน แต่จำนวนคนเกิน 10 คน,2024-04-15 11:11:00,00005,5,00032,2,018,แข็งแกร่ง ไม่ จำกัด,"Kaeng Mai Co., Ltd.",17,กรรมกร,18152918,,MT_13_EXIT,Completed,2027-04-15 11:11:00.000
TC05,1.0,กรณีผิดปกติ: นายจ้างมีการจ้างคนต่างด้าวในลักษณะงานและตำแหน่งเดียวกัน แต่จำนวนคนเกิน 10 คน,2024-04-15 11:11:00,00005,5,00033,3,018,แข็งแกร่ง ไม่ จำกัด,"Kaeng Mai Co., Ltd.",17,กรรมกร,18152918,,MT_13_EXIT,Completed,2027-04-15 11:11:00.000
TC05,1.0,กรณีผิดปกติ: นายจ้างมีการจ้างคนต่างด้าวในลักษณะงานและตำแหน่งเดียวกัน แต่จำนวนคนเกิน 10 คน,2024-04-15 11:11:00,00005,5,00034,4,018,แข็งแกร่ง ไม่ จำกัด,"Kaeng Mai Co., Ltd.",17,กรรมกร,18152918,,MT_13_EXIT,Completed,2027-04-15 11:11:00.000
TC05,1.0,กรณีผิดปกติ: นายจ้างมีการจ้างคนต่างด้าวในลักษณะงานและตำแหน่งเดียวกัน แต่จำนวนคนเกิน 10 คน,2024-04-15 11:11:00,00005,5,00035,5,018,แข็งแกร่ง ไม่ จำกัด,"Kaeng Mai Co., Ltd.",17,กรรมกร,18152918,,MT_13_EXIT,Completed,2027-04-15 11:11:00.000
TC05,1.0,กรณีผิดปกติ: นายจ้างมีการจ้างคนต่างด้าวในลักษณะงานและตำแหน่งเดียวกัน แต่จำนวนคนเกิน 10 คน,2024-04-15 11:11:00,00005,5,00036,6,018,แข็งแกร่ง ไม่ จำกัด,"Kaeng Mai Co., Ltd.",17,กรรมกร,18152918,,MT_13_EXIT,Completed,2027-04-15 11:11:00.000
TC05,1.0,กรณีผิดปกติ: นายจ้างมีการจ้างคนต่างด้าวในลักษณะงานและตำแหน่งเดียวกัน แต่จำนวนคนเกิน 10 คน,2024-04-15 11:11:00,00005,5,00037,7,018,แข็งแกร่ง ไม่ จำกัด,"Kaeng Mai Co., Ltd.",17,กรรมกร,18152918,,MT_13_EXIT,Completed,2027-04-15 11:11:00.000
TC05,1.0,กรณีผิดปกติ: นายจ้างมีการจ้างคนต่างด้าวในลักษณะงานและตำแหน่งเดียวกัน แต่จำนวนคนเกิน 10 คน,2024-04-15 11:11:00,00005,5,00038,8,018,แข็งแกร่ง ไม่ จำกัด,"Kaeng Mai Co., Ltd.",17,กรรมกร,18152918,,MT_13_EXIT,Completed,2027-04-15 11:11:00.000
TC05,1.0,กรณีผิดปกติ: นายจ้างมีการจ้างคนต่างด้าวในลักษณะงานและตำแหน่งเดียวกัน แต่จำนวนคนเกิน 10 คน,2024-04-15 11:11:00,00005,5,00039,9,018,แข็งแกร่ง ไม่ จำกัด,"Kaeng Mai Co., Ltd.",17,กรรมกร,18152918,,MT_13_EXIT,Completed,2027-04-15 11:11:00.000
TC05,1.0,กรณีผิดปกติ: นายจ้างมีการจ้างคนต่างด้าวในลักษณะงานและตำแหน่งเดียวกัน แต่จำนวนคนเกิน 10 คน,2024-04-15 11:11:00,00005,5,00040,10,018,แข็งแกร่ง ไม่ จำกัด,"Kaeng Mai Co., Ltd.",17,กรรมกร,18152918,,MT_13_EXIT,Completed,2027-04-15 11:11:00.000
TC05,1.0,กรณีผิดปกติ: นายจ้างมีการจ้างคนต่างด้าวในลักษณะงานและตำแหน่งเดียวกัน แต่จำนวนคนเกิน 10 คน,2024-04-15 11:11:00,00005,5,00041,11,018,แข็งแกร่ง ไม่ จำกัด,"Kaeng Mai Co., Ltd.",17,กรรมกร,18152918,,MT_13_EXIT,Completed,2027-04-15 11:11:00.000
TC06,2.0,กรณีผิดปกติ: วันยื่นคำร้องมีระยะเวลคงเหลือเทียบกับวันหมดอายุการทำงานน้อยกว่าหรือเท่ากับ 30 วัน,2024-06-27 11:11:00,00006,6,00501,1,007,ฉลาด ไม่ จำกัด,"Chalad Mai Co., Ltd.",9,กรรมกร,177346803,,MT_13_EXIT,Completed,2024-07-15 11:11:00.000
TC07,2.0,กรณีผิดปกติ: กลุ่มคนต่างด้าวยังไม่ได้แจ้งออกจากที่เก่า แต่ทำการยื่นที่ใหม่แล้ว,2022-04-27 11:11:00,00007,7,00042,1,010,เจ๋ง ไม่ จำกัด,"Jeng Mai Co., Ltd.",9,งานทํารองเท้า,12346803,,MT_59,Consider requuest round1,2027-04-15 11:11:00.000
TC07,2.0,กรณีผิดปกติ: กลุ่มคนต่างด้าวยังไม่ได้แจ้งออกจากที่เก่า แต่ทำการยื่นที่ใหม่แล้ว,2022-04-27 11:11:00,00007,7,00043,2,010,เจ๋ง ไม่ จำกัด,"Jeng Mai Co., Ltd.",9,งานทําหมวก,12346803,,MT_59,Consider requuest round1,2027-04-15 11:11:00.000
TC07,2.0,กรณีผิดปกติ: กลุ่มคนต่างด้าวยังไม่ได้แจ้งออกจากที่เก่า แต่ทำการยื่นที่ใหม่แล้ว,2022-04-27 11:11:00,00007,7,00044,3,010,เจ๋ง ไม่ จำกัด,"Jeng Mai Co., Ltd.",9,กรรมกร,12346803,,MT_59,Consider requuest round1,2027-04-15 11:11:00.000
TC09,2.0,กรณีปกติ: กลุ่มคนต่างด้าวย้ายจาก ก ไป ข ไม่เกินจำนวน 20 คนที่กำหนด และทำการย้ายภายใน 14 วัน,2024-02-27 11:11:00,00009,9,00045,1,013,หล่อ ไม่ จำกัด,"Lor Mai Co., Ltd.",9,กรรมกร,13155987,,MT_13_EXIT,Completed,2027-04-15 11:11:00.000
TC09,2.0,กรณีปกติ: กลุ่มคนต่างด้าวย้ายจาก ก ไป ข ไม่เกินจำนวน 20 คนที่กำหนด และทำการย้ายภายใน 14 วัน,2024-02-27 11:11:00,00009,9,00046,2,013,หล่อ ไม่ จำกัด,"Lor Mai Co., Ltd.",9,กรรมกร,13155987,,MT_13_EXIT,Completed,2027-04-15 11:11:00.000
TC09,2.0,กรณีปกติ: กลุ่มคนต่างด้าวย้ายจาก ก ไป ข ไม่เกินจำนวน 20 คนที่กำหนด และทำการย้ายภายใน 14 วัน,2024-02-27 11:11:00,00009,9,00047,3,013,หล่อ ไม่ จำกัด,"Lor Mai Co., Ltd.",9,กรรมกร,13155987,,MT_13_EXIT,Completed,2027-04-15 11:11:00.000
TC09,2.0,กรณีปกติ: กลุ่มคนต่างด้าวย้ายจาก ก ไป ข ไม่เกินจำนวน 20 คนที่กำหนด และทำการย้ายภายใน 14 วัน,2024-02-27 11:11:00,00009,9,00048,4,013,หล่อ ไม่ จำกัด,"Lor Mai Co., Ltd.",9,กรรมกร,13155987,,MT_13_EXIT,Completed,2027-04-15 11:11:00.000
TC09,2.0,กรณีปกติ: กลุ่มคนต่างด้าวย้ายจาก ก ไป ข ไม่เกินจำนวน 20 คนที่กำหนด และทำการย้ายภายใน 14 วัน,2024-02-27 11:11:00,00009,9,00049,5,013,หล่อ ไม่ จำกัด,"Lor Mai Co., Ltd.",9,กรรมกร,13155987,,MT_13_EXIT,Completed,2027-04-15 11:11:00.000
TC09,2.0,กรณีปกติ: กลุ่มคนต่างด้าวย้ายจาก ก ไป ข ไม่เกินจำนวน 20 คนที่กำหนด และทำการย้ายภายใน 14 วัน,2024-02-10 11:11:00,00010,10,00050,1,013,หล่อ ไม่ จำกัด,"Lor Mai Co., Ltd.",9,กรรมกร,13155987,,MT_13_EXIT,Completed,2027-04-15 11:11:00.000
TC09,2.0,กรณีปกติ: กลุ่มคนต่างด้าวย้ายจาก ก ไป ข ไม่เกินจำนวน 20 คนที่กำหนด และทำการย้ายภายใน 14 วัน,2024-02-10 11:11:00,00010,10,00051,2,013,หล่อ ไม่ จำกัด,"Lor Mai Co., Ltd.",9,กรรมกร,13155987,,MT_13_EXIT,Completed,2027-04-15 11:11:00.000
TC09,2.0,กรณีปกติ: กลุ่มคนต่างด้าวย้ายจาก ก ไป ข ไม่เกินจำนวน 20 คนที่กำหนด และทำการย้ายภายใน 14 วัน,2024-02-10 11:11:00,00010,10,00052,3,013,หล่อ ไม่ จำกัด,"Lor Mai Co., Ltd.",9,กรรมกร,13155987,,MT_13_EXIT,Completed,2027-04-15 11:11:00.000
TC09,2.0,กรณีปกติ: กลุ่มคนต่างด้าวย้ายจาก ก ไป ข ไม่เกินจำนวน 20 คนที่กำหนด และทำการย้ายภายใน 14 วัน,2024-02-10 11:11:00,00010,10,00053,4,013,หล่อ ไม่ จำกัด,"Lor Mai Co., Ltd.",9,กรรมกร,13155987,,MT_13_EXIT,Completed,2027-04-15 11:11:00.000
TC09,2.0,กรณีปกติ: กลุ่มคนต่างด้าวย้ายจาก ก ไป ข ไม่เกินจำนวน 20 คนที่กำหนด และทำการย้ายภายใน 14 วัน,2024-02-10 11:11:00,00010,10,00054,5,013,หล่อ ไม่ จำกัด,"Lor Mai Co., Ltd.",9,กรรมกร,13155987,,MT_13_EXIT,Completed,2027-04-15 11:11:00.000
TC10,2.0,กรณีปกติ: กลุ่มคนต่างด้าวย้ายจาก ก ไป ข ไม่เกินจำนวน 20 คนกำหนด และทำการย้ายมากกว่า 14 วัน,2024-02-29 11:11:00,00011,11,00055,1,017,เชี่ยวชาญ ไม่ จำกัด,"Chiwit Mai Co., Ltd.",9,กรรมกร,17152947,,MT_13_EXIT,Completed,2027-04-15 11:11:00.000
TC10,2.0,กรณีปกติ: กลุ่มคนต่างด้าวย้ายจาก ก ไป ข ไม่เกินจำนวน 20 คนกำหนด และทำการย้ายมากกว่า 14 วัน,2024-02-29 11:11:00,00011,11,00056,2,017,เชี่ยวชาญ ไม่ จำกัด,"Chiwit Mai Co., Ltd.",9,กรรมกร,17152947,,MT_13_EXIT,Completed,2027-04-15 11:11:00.000
TC10,2.0,กรณีปกติ: กลุ่มคนต่างด้าวย้ายจาก ก ไป ข ไม่เกินจำนวน 20 คนกำหนด และทำการย้ายมากกว่า 14 วัน,2024-02-29 11:11:00,00011,11,00057,3,017,เชี่ยวชาญ ไม่ จำกัด,"Chiwit Mai Co., Ltd.",9,กรรมกร,17152947,,MT_13_EXIT,Completed,2027-04-15 11:11:00.000
TC10,2.0,กรณีปกติ: กลุ่มคนต่างด้าวย้ายจาก ก ไป ข ไม่เกินจำนวน 20 คนกำหนด และทำการย้ายมากกว่า 14 วัน,2024-02-29 11:11:00,00011,11,00058,4,017,เชี่ยวชาญ ไม่ จำกัด,"Chiwit Mai Co., Ltd.",9,กรรมกร,17152947,,MT_13_EXIT,Completed,2027-04-15 11:11:00.000
TC10,2.0,กรณีปกติ: กลุ่มคนต่างด้าวย้ายจาก ก ไป ข ไม่เกินจำนวน 20 คนกำหนด และทำการย้ายมากกว่า 14 วัน,2024-02-29 11:11:00,00011,11,00059,5,017,เชี่ยวชาญ ไม่ จำกัด,"Chiwit Mai Co., Ltd.",9,กรรมกร,17152947,,MT_13_EXIT,Completed,2027-04-15 11:11:00.000
TC10,2.0,กรณีปกติ: กลุ่มคนต่างด้าวย้ายจาก ก ไป ข ไม่เกินจำนวน 20 คนกำหนด และทำการย้ายมากกว่า 14 วัน,2024-02-20 11:11:00,00012,12,00060,1,017,เชี่ยวชาญ ไม่ จำกัด,"Chiwit Mai Co., Ltd.",9,กรรมกร,17152947,,MT_13_EXIT,Completed,2027-04-15 11:11:00.000
TC10,2.0,กรณีปกติ: กลุ่มคนต่างด้าวย้ายจาก ก ไป ข ไม่เกินจำนวน 20 คนกำหนด และทำการย้ายมากกว่า 14 วัน,2024-02-20 11:11:00,00012,12,00061,2,017,เชี่ยวชาญ ไม่ จำกัด,"Chiwit Mai Co., Ltd.",9,กรรมกร,17152947,,MT_13_EXIT,Completed,2027-04-15 11:11:00.000
TC10,2.0,กรณีปกติ: กลุ่มคนต่างด้าวย้ายจาก ก ไป ข ไม่เกินจำนวน 20 คนกำหนด และทำการย้ายมากกว่า 14 วัน,2024-02-20 11:11:00,00012,12,00062,3,017,เชี่ยวชาญ ไม่ จำกัด,"Chiwit Mai Co., Ltd.",9,กรรมกร,17152947,,MT_13_EXIT,Completed,2027-04-15 11:11:00.000
TC10,2.0,กรณีปกติ: กลุ่มคนต่างด้าวย้ายจาก ก ไป ข ไม่เกินจำนวน 20 คนกำหนด และทำการย้ายมากกว่า 14 วัน,2024-02-20 11:11:00,00012,12,00063,4,017,เชี่ยวชาญ ไม่ จำกัด,"Chiwit Mai Co., Ltd.",9,กรรมกร,17152947,,MT_13_EXIT,Completed,2027-04-15 11:11:00.000
TC10,2.0,กรณีปกติ: กลุ่มคนต่างด้าวย้ายจาก ก ไป ข ไม่เกินจำนวน 20 คนกำหนด และทำการย้ายมากกว่า 14 วัน,2024-02-20 11:11:00,00012,12,00064,5,017,เชี่ยวชาญ ไม่ จำกัด,"Chiwit Mai Co., Ltd.",9,กรรมกร,17152947,,MT_13_EXIT,Completed,2027-04-15 11:11:00.000
TC11,2.0,กรณีปกติ: กลุ่มคนต่างด้าวย้ายจาก ก ไป ข ไม่เกินจำนวน 20 คนกำหนด และทำการย้ายเท่ากับ 14 วัน,2024-02-27 11:11:00,00013,13,00065,1,009,เฮฮา ไม่ จำกัด,"Heyha Mai Co., Ltd.",9,กรรมกร,23095701,,MT_13_EXIT,Completed,2027-04-15 11:11:00.000
TC11,2.0,กรณีปกติ: กลุ่มคนต่างด้าวย้ายจาก ก ไป ข ไม่เกินจำนวน 20 คนกำหนด และทำการย้ายเท่ากับ 14 วัน,2024-02-27 11:11:00,00013,13,00066,2,009,เฮฮา ไม่ จำกัด,"Heyha Mai Co., Ltd.",9,กรรมกร,23095701,,MT_13_EXIT,Completed,2027-04-15 11:11:00.000
TC11,2.0,กรณีปกติ: กลุ่มคนต่างด้าวย้ายจาก ก ไป ข ไม่เกินจำนวน 20 คนกำหนด และทำการย้ายเท่ากับ 14 วัน,2024-02-27 11:11:00,00013,13,00067,3,009,เฮฮา ไม่ จำกัด,"Heyha Mai Co., Ltd.",9,กรรมกร,23095701,,MT_13_EXIT,Completed,2027-04-15 11:11:00.000
TC11,2.0,กรณีปกติ: กลุ่มคนต่างด้าวย้ายจาก ก ไป ข ไม่เกินจำนวน 20 คนกำหนด และทำการย้ายเท่ากับ 14 วัน,2024-02-27 11:11:00,00013,13,00068,4,009,เฮฮา ไม่ จำกัด,"Heyha Mai Co., Ltd.",9,กรรมกร,23095701,,MT_13_EXIT,Completed,2027-04-15 11:11:00.000
TC11,2.0,กรณีปกติ: กลุ่มคนต่างด้าวย้ายจาก ก ไป ข ไม่เกินจำนวน 20 คนกำหนด และทำการย้ายเท่ากับ 14 วัน,2024-02-27 11:11:00,00013,13,00069,5,009,เฮฮา ไม่ จำกัด,"Heyha Mai Co., Ltd.",9,กรรมกร,23095701,,MT_13_EXIT,Completed,2027-04-15 11:11:00.000
TC11,2.0,กรณีปกติ: กลุ่มคนต่างด้าวย้ายจาก ก ไป ข ไม่เกินจำนวน 20 คนกำหนด และทำการย้ายเท่ากับ 14 วัน,2024-02-27 11:11:00,00013,13, 00070,6,009,เฮฮา ไม่ จำกัด,"Heyha Mai Co., Ltd.",9,กรรมกร,23095701,,MT_13_EXIT,Completed,2027-04-15 11:11:00.000
TC11,2.0,กรณีปกติ: กลุ่มคนต่างด้าวย้ายจาก ก ไป ข ไม่เกินจำนวน 20 คนกำหนด และทำการย้ายเท่ากับ 14 วัน,2024-02-11 11:11:00,00014,14,00071,1,009,เฮฮา ไม่ จำกัด,"Heyha Mai Co., Ltd.",9,กรรมกร,23095701,,MT_13_EXIT,Completed,2027-04-15 11:11:00.000
TC11,2.0,กรณีปกติ: กลุ่มคนต่างด้าวย้ายจาก ก ไป ข ไม่เกินจำนวน 20 คนกำหนด และทำการย้ายเท่ากับ 14 วัน,2024-02-11 11:11:00,00014,14,00072,2,009,เฮฮา ไม่ จำกัด,"Heyha Mai Co., Ltd.",9,กรรมกร,23095701,,MT_13_EXIT,Completed,2027-04-15 11:11:00.000
TC11,2.0,กรณีปกติ: กลุ่มคนต่างด้าวย้ายจาก ก ไป ข ไม่เกินจำนวน 20 คนกำหนด และทำการย้ายเท่ากับ 14 วัน,2024-02-11 11:11:00,00014,14,00073,3,009,เฮฮา ไม่ จำกัด,"Heyha Mai Co., Ltd.",9,กรรมกร,23095701,,MT_13_EXIT,Completed,2027-04-15 11:11:00.000
TC11,2.0,กรณีปกติ: กลุ่มคนต่างด้าวย้ายจาก ก ไป ข ไม่เกินจำนวน 20 คนกำหนด และทำการย้ายเท่ากับ 14 วัน,2024-02-11 11:11:00,00014,14,00074,4,009,เฮฮา ไม่ จำกัด,"Heyha Mai Co., Ltd.",9,กรรมกร,23095701,,MT_13_EXIT,Completed,2027-04-15 11:11:00.000
TC11,2.0,กรณีปกติ: กลุ่มคนต่างด้าวย้ายจาก ก ไป ข ไม่เกินจำนวน 20 คนกำหนด และทำการย้ายเท่ากับ 14 วัน,2024-02-11 11:11:00,00014,14,00075,5,009,เฮฮา ไม่ จำกัด,"Heyha Mai Co., Ltd.",9,กรรมกร,23095701,,MT_13_EXIT,Completed,2027-04-15 11:11:00.000
TC12,2.0,กรณีผิดปกติ: กลุ่มคนต่างด้าวย้ายจาก ก ไป ข เกินจำนวน20 คนกำหนด และทำการย้ายภายใน 14 วัน,2024-04-27 11:11:00,00015,15,00076,1,005,ฮา ไม่ จำกัด,"Hah Mai Co., Ltd.",9,งานทำมือ,12346800,,MT_13_EXIT,Completed,2027-04-15 11:11:00.000
TC12,2.0,กรณีผิดปกติ: กลุ่มคนต่างด้าวย้ายจาก ก ไป ข เกินจำนวน20 คนกำหนด และทำการย้ายภายใน 14 วัน,2024-04-27 11:11:00,00015,15,00077,2,005,ฮา ไม่ จำกัด,"Hah Mai Co., Ltd.",9,งานทำมือ,12346800,,MT_13_EXIT,Completed,2027-04-15 11:11:00.000
TC12,2.0,กรณีผิดปกติ: กลุ่มคนต่างด้าวย้ายจาก ก ไป ข เกินจำนวน20 คนกำหนด และทำการย้ายภายใน 14 วัน,2024-04-27 11:11:00,00015,15,00078,3,005,ฮา ไม่ จำกัด,"Hah Mai Co., Ltd.",9,งานทำมือ,12346800,,MT_13_EXIT,Completed,2027-04-15 11:11:00.000
TC12,2.0,กรณีผิดปกติ: กลุ่มคนต่างด้าวย้ายจาก ก ไป ข เกินจำนวน20 คนกำหนด และทำการย้ายภายใน 14 วัน,2024-04-27 11:11:00,00015,15,00079,4,005,ฮา ไม่ จำกัด,"Hah Mai Co., Ltd.",9,งานทำมือ,12346800,,MT_13_EXIT,Completed,2027-04-15 11:11:00.000
TC12,2.0,กรณีผิดปกติ: กลุ่มคนต่างด้าวย้ายจาก ก ไป ข เกินจำนวน20 คนกำหนด และทำการย้ายภายใน 14 วัน,2024-04-27 11:11:00,00015,15,00080,5,005,ฮา ไม่ จำกัด,"Hah Mai Co., Ltd.",9,งานทำมือ,12346800,,MT_13_EXIT,Completed,2027-04-15 11:11:00.000
TC12,2.0,กรณีผิดปกติ: กลุ่มคนต่างด้าวย้ายจาก ก ไป ข เกินจำนวน20 คนกำหนด และทำการย้ายภายใน 14 วัน,2024-04-27 11:11:00,00015,15,00081,6,005,ฮา ไม่ จำกัด,"Hah Mai Co., Ltd.",9,งานทำมือ,12346800,,MT_13_EXIT,Completed,2027-04-15 11:11:00.000
TC12,2.0,กรณีผิดปกติ: กลุ่มคนต่างด้าวย้ายจาก ก ไป ข เกินจำนวน20 คนกำหนด และทำการย้ายภายใน 14 วัน,2024-04-27 11:11:00,00015,15,00082,7,005,ฮา ไม่ จำกัด,"Hah Mai Co., Ltd.",9,งานทำมือ,12346800,,MT_13_EXIT,Completed,2027-04-15 11:11:00.000
TC12,2.0,กรณีผิดปกติ: กลุ่มคนต่างด้าวย้ายจาก ก ไป ข เกินจำนวน20 คนกำหนด และทำการย้ายภายใน 14 วัน,2024-04-27 11:11:00,00015,15,00083,8,005,ฮา ไม่ จำกัด,"Hah Mai Co., Ltd.",9,งานทำมือ,12346800,,MT_13_EXIT,Completed,2027-04-15 11:11:00.000
TC12,2.0,กรณีผิดปกติ: กลุ่มคนต่างด้าวย้ายจาก ก ไป ข เกินจำนวน20 คนกำหนด และทำการย้ายภายใน 14 วัน,2024-04-27 11:11:00,00015,15,00084,9,005,ฮา ไม่ จำกัด,"Hah Mai Co., Ltd.",9,งานทำมือ,12346800,,MT_13_EXIT,Completed,2027-04-15 11:11:00.000
TC12,2.0,กรณีผิดปกติ: กลุ่มคนต่างด้าวย้ายจาก ก ไป ข เกินจำนวน20 คนกำหนด และทำการย้ายภายใน 14 วัน,2024-04-27 11:11:00,00015,15,00085,10,005,ฮา ไม่ จำกัด,"Hah Mai Co., Ltd.",9,งานทำมือ,12346800,,MT_13_EXIT,Completed,2027-04-15 11:11:00.000
TC12,2.0,กรณีผิดปกติ: กลุ่มคนต่างด้าวย้ายจาก ก ไป ข เกินจำนวน20 คนกำหนด และทำการย้ายภายใน 14 วัน,2024-04-27 11:11:00,00015,15,00086,11,005,ฮา ไม่ จำกัด,"Hah Mai Co., Ltd.",9,งานทำมือ,12346800,,MT_13_EXIT,Completed,2027-04-15 11:11:00.000
TC12,2.0,กรณีผิดปกติ: กลุ่มคนต่างด้าวย้ายจาก ก ไป ข เกินจำนวน20 คนกำหนด และทำการย้ายภายใน 14 วัน,2024-04-27 11:11:00,00015,15,00087,12,005,ฮา ไม่ จำกัด,"Hah Mai Co., Ltd.",9,งานทำมือ,12346800,,MT_13_EXIT,Completed,2027-04-15 11:11:00.000
TC12,2.0,กรณีผิดปกติ: กลุ่มคนต่างด้าวย้ายจาก ก ไป ข เกินจำนวน20 คนกำหนด และทำการย้ายภายใน 14 วัน,2024-04-30 11:11:00,00016,16,00088,1,005,ฮา ไม่ จำกัด,"Hah Mai Co., Ltd.",9,กรรมกร,12346800,,MT_13_EXIT,Completed,2027-04-15 11:11:00.000
TC12,2.0,กรณีผิดปกติ: กลุ่มคนต่างด้าวย้ายจาก ก ไป ข เกินจำนวน20 คนกำหนด และทำการย้ายภายใน 14 วัน,2024-04-30 11:11:00,00016,16,00089,2,005,ฮา ไม่ จำกัด,"Hah Mai Co., Ltd.",9,กรรมกร,12346800,,MT_13_EXIT,Completed,2027-04-15 11:11:00.000
TC12,2.0,กรณีผิดปกติ: กลุ่มคนต่างด้าวย้ายจาก ก ไป ข เกินจำนวน20 คนกำหนด และทำการย้ายภายใน 14 วัน,2024-04-30 11:11:00,00016,16,00090,3,005,ฮา ไม่ จำกัด,"Hah Mai Co., Ltd.",9,กรรมกร,12346800,,MT_13_EXIT,Completed,2027-04-15 11:11:00.000
TC12,2.0,กรณีผิดปกติ: กลุ่มคนต่างด้าวย้ายจาก ก ไป ข เกินจำนวน20 คนกำหนด และทำการย้ายภายใน 14 วัน,2024-04-30 11:11:00,00016,16,00091,4,005,ฮา ไม่ จำกัด,"Hah Mai Co., Ltd.",9,กรรมกร,12346800,,MT_13_EXIT,Completed,2027-04-15 11:11:00.000
TC12,2.0,กรณีผิดปกติ: กลุ่มคนต่างด้าวย้ายจาก ก ไป ข เกินจำนวน20 คนกำหนด และทำการย้ายภายใน 14 วัน,2024-04-30 11:11:00,00016,16,00092,5,005,ฮา ไม่ จำกัด,"Hah Mai Co., Ltd.",9,กรรมกร,12346800,,MT_13_EXIT,Completed,2027-04-15 11:11:00.000
TC12,2.0,กรณีผิดปกติ: กลุ่มคนต่างด้าวย้ายจาก ก ไป ข เกินจำนวน20 คนกำหนด และทำการย้ายภายใน 14 วัน,2024-04-30 11:11:00,00016,16,00093,6,005,ฮา ไม่ จำกัด,"Hah Mai Co., Ltd.",9,กรรมกร,12346800,,MT_13_EXIT,Completed,2027-04-15 11:11:00.000
TC12,2.0,กรณีผิดปกติ: กลุ่มคนต่างด้าวย้ายจาก ก ไป ข เกินจำนวน20 คนกำหนด และทำการย้ายภายใน 14 วัน,2024-04-30 11:11:00,00016,16,00094,7,005,ฮา ไม่ จำกัด,"Hah Mai Co., Ltd.",9,กรรมกร,12346800,,MT_13_EXIT,Completed,2027-04-15 11:11:00.000
TC12,2.0,กรณีผิดปกติ: กลุ่มคนต่างด้าวย้ายจาก ก ไป ข เกินจำนวน20 คนกำหนด และทำการย้ายภายใน 14 วัน,2024-04-30 11:11:00,00016,16,00095,8,005,ฮา ไม่ จำกัด,"Hah Mai Co., Ltd.",9,กรรมกร,12346800,,MT_13_EXIT,Completed,2027-04-15 11:11:00.000
TC12,2.0,กรณีผิดปกติ: กลุ่มคนต่างด้าวย้ายจาก ก ไป ข เกินจำนวน20 คนกำหนด และทำการย้ายภายใน 14 วัน,2024-04-30 11:11:00,00016,16,00096,9,005,ฮา ไม่ จำกัด,"Hah Mai Co., Ltd.",9,กรรมกร,12346800,,MT_13_EXIT,Completed,2027-04-15 11:11:00.000
TC13,2.0,กรณีปกติ: กลุ่มคนต่างด้าวย้ายจาก ก ไป ข เกินจำนวน 20 คน กำหนด และทำการย้ายมากกว่า 14 วัน,2024-04-27 11:11:00,00017,17,00097,1,021,แกร่ง ไม่ จำกัด,"Krang Mai Co., Ltd.",19,กรรมกร,21152921,,MT_13_EXIT,Completed,2027-04-15 11:11:00.000
TC13,2.0,กรณีปกติ: กลุ่มคนต่างด้าวย้ายจาก ก ไป ข เกินจำนวน 20 คน กำหนด และทำการย้ายมากกว่า 14 วัน,2024-04-27 11:11:00,00017,17,00098,2,021,แกร่ง ไม่ จำกัด,"Krang Mai Co., Ltd.",19,กรรมกร,21152921,,MT_13_EXIT,Completed,2027-04-15 11:11:00.000
TC13,2.0,กรณีปกติ: กลุ่มคนต่างด้าวย้ายจาก ก ไป ข เกินจำนวน 20 คน กำหนด และทำการย้ายมากกว่า 14 วัน,2024-04-27 11:11:00,00017,17,00099,3,021,แกร่ง ไม่ จำกัด,"Krang Mai Co., Ltd.",19,กรรมกร,21152921,,MT_13_EXIT,Completed,2027-04-15 11:11:00.000
TC13,2.0,กรณีปกติ: กลุ่มคนต่างด้าวย้ายจาก ก ไป ข เกินจำนวน 20 คน กำหนด และทำการย้ายมากกว่า 14 วัน,2024-04-27 11:11:00,00017,17,00100,4,021,แกร่ง ไม่ จำกัด,"Krang Mai Co., Ltd.",19,กรรมกร,21152921,,MT_13_EXIT,Completed,2027-04-15 11:11:00.000
TC13,2.0,กรณีปกติ: กลุ่มคนต่างด้าวย้ายจาก ก ไป ข เกินจำนวน 20 คน กำหนด และทำการย้ายมากกว่า 14 วัน,2024-04-27 11:11:00,00017,17,00101,5,021,แกร่ง ไม่ จำกัด,"Krang Mai Co., Ltd.",19,กรรมกร,21152921,,MT_13_EXIT,Completed,2027-04-15 11:11:00.000
TC13,2.0,กรณีปกติ: กลุ่มคนต่างด้าวย้ายจาก ก ไป ข เกินจำนวน 20 คน กำหนด และทำการย้ายมากกว่า 14 วัน,2024-04-27 11:11:00,00017,17,00102,6,021,แกร่ง ไม่ จำกัด,"Krang Mai Co., Ltd.",19,กรรมกร,21152921,,MT_13_EXIT,Completed,2027-04-15 11:11:00.000
TC13,2.0,กรณีปกติ: กลุ่มคนต่างด้าวย้ายจาก ก ไป ข เกินจำนวน 20 คน กำหนด และทำการย้ายมากกว่า 14 วัน,2024-04-27 11:11:00,00017,17,00103,7,021,แกร่ง ไม่ จำกัด,"Krang Mai Co., Ltd.",19,กรรมกร,21152921,,MT_13_EXIT,Completed,2027-04-15 11:11:00.000
TC13,2.0,กรณีปกติ: กลุ่มคนต่างด้าวย้ายจาก ก ไป ข เกินจำนวน 20 คน กำหนด และทำการย้ายมากกว่า 14 วัน,2024-04-27 11:11:00,00017,17,00104,8,021,แกร่ง ไม่ จำกัด,"Krang Mai Co., Ltd.",19,กรรมกร,21152921,,MT_13_EXIT,Completed,2027-04-15 11:11:00.000
TC13,2.0,กรณีปกติ: กลุ่มคนต่างด้าวย้ายจาก ก ไป ข เกินจำนวน 20 คน กำหนด และทำการย้ายมากกว่า 14 วัน,2024-04-27 11:11:00,00017,17,00105,9,021,แกร่ง ไม่ จำกัด,"Krang Mai Co., Ltd.",19,กรรมกร,21152921,,MT_13_EXIT,Completed,2027-04-15 11:11:00.000
TC13,2.0,กรณีปกติ: กลุ่มคนต่างด้าวย้ายจาก ก ไป ข เกินจำนวน 20 คน กำหนด และทำการย้ายมากกว่า 14 วัน,2024-04-27 11:11:00,00017,17,00106,10,021,แกร่ง ไม่ จำกัด,"Krang Mai Co., Ltd.",19,กรรมกร,21152921,,MT_13_EXIT,Completed,2027-04-15 11:11:00.000
TC13,2.0,กรณีปกติ: กลุ่มคนต่างด้าวย้ายจาก ก ไป ข เกินจำนวน 20 คน กำหนด และทำการย้ายมากกว่า 14 วัน,2024-04-12 11:11:00,00018,18,00107,1,021,แกร่ง ไม่ จำกัด,"Krang Mai Co., Ltd.",19,กรรมกร,21152921,,MT_13_EXIT,Completed,2027-04-15 11:11:00.000
TC13,2.0,กรณีปกติ: กลุ่มคนต่างด้าวย้ายจาก ก ไป ข เกินจำนวน 20 คน กำหนด และทำการย้ายมากกว่า 14 วัน,2024-04-12 11:11:00,00018,18,00108,2,021,แกร่ง ไม่ จำกัด,"Krang Mai Co., Ltd.",19,กรรมกร,21152921,,MT_13_EXIT,Completed,2027-04-15 11:11:00.000
TC13,2.0,กรณีปกติ: กลุ่มคนต่างด้าวย้ายจาก ก ไป ข เกินจำนวน 20 คน กำหนด และทำการย้ายมากกว่า 14 วัน,2024-04-12 11:11:00,00018,18,00109,3,021,แกร่ง ไม่ จำกัด,"Krang Mai Co., Ltd.",19,กรรมกร,21152921,,MT_13_EXIT,Completed,2027-04-15 11:11:00.000
TC13,2.0,กรณีปกติ: กลุ่มคนต่างด้าวย้ายจาก ก ไป ข เกินจำนวน 20 คน กำหนด และทำการย้ายมากกว่า 14 วัน,2024-04-12 11:11:00,00018,18,00110,4,021,แกร่ง ไม่ จำกัด,"Krang Mai Co., Ltd.",19,กรรมกร,21152921,,MT_13_EXIT,Completed,2027-04-15 11:11:00.000
TC13,2.0,กรณีปกติ: กลุ่มคนต่างด้าวย้ายจาก ก ไป ข เกินจำนวน 20 คน กำหนด และทำการย้ายมากกว่า 14 วัน,2024-04-12 11:11:00,00018,18,00111,5,021,แกร่ง ไม่ จำกัด,"Krang Mai Co., Ltd.",19,กรรมกร,21152921,,MT_13_EXIT,Completed,2027-04-15 11:11:00.000
TC13,2.0,กรณีปกติ: กลุ่มคนต่างด้าวย้ายจาก ก ไป ข เกินจำนวน 20 คน กำหนด และทำการย้ายมากกว่า 14 วัน,2024-04-12 11:11:00,00018,18,00112,6,021,แกร่ง ไม่ จำกัด,"Krang Mai Co., Ltd.",19,กรรมกร,21152921,,MT_13_EXIT,Completed,2027-04-15 11:11:00.000
TC13,2.0,กรณีปกติ: กลุ่มคนต่างด้าวย้ายจาก ก ไป ข เกินจำนวน 20 คน กำหนด และทำการย้ายมากกว่า 14 วัน,2024-04-12 11:11:00,00018,18,00113,7,021,แกร่ง ไม่ จำกัด,"Krang Mai Co., Ltd.",19,กรรมกร,21152921,,MT_13_EXIT,Completed,2027-04-15 11:11:00.000
TC13,2.0,กรณีปกติ: กลุ่มคนต่างด้าวย้ายจาก ก ไป ข เกินจำนวน 20 คน กำหนด และทำการย้ายมากกว่า 14 วัน,2024-04-12 11:11:00,00018,18,00114,8,021,แกร่ง ไม่ จำกัด,"Krang Mai Co., Ltd.",19,กรรมกร,21152921,,MT_13_EXIT,Completed,2027-04-15 11:11:00.000
TC13,2.0,กรณีปกติ: กลุ่มคนต่างด้าวย้ายจาก ก ไป ข เกินจำนวน 20 คน กำหนด และทำการย้ายมากกว่า 14 วัน,2024-04-12 11:11:00,00018,18,00115,9,021,แกร่ง ไม่ จำกัด,"Krang Mai Co., Ltd.",19,กรรมกร,21152921,,MT_13_EXIT,Completed,2027-04-15 11:11:00.000
TC13,2.0,กรณีปกติ: กลุ่มคนต่างด้าวย้ายจาก ก ไป ข เกินจำนวน 20 คน กำหนด และทำการย้ายมากกว่า 14 วัน,2024-04-12 11:11:00,00018,18,00116,10,021,แกร่ง ไม่ จำกัด,"Krang Mai Co., Ltd.",19,กรรมกร,21152921,,MT_13_EXIT,Completed,2027-04-15 11:11:00.000
TC13,2.0,กรณีปกติ: กลุ่มคนต่างด้าวย้ายจาก ก ไป ข เกินจำนวน 20 คน กำหนด และทำการย้ายมากกว่า 14 วัน,2024-04-12 11:11:00,00018,18,00117,11,021,แกร่ง ไม่ จำกัด,"Krang Mai Co., Ltd.",19,กรรมกร,21152921,,MT_13_EXIT,Completed,2027-04-15 11:11:00.000
TC13,2.0,กรณีปกติ: กลุ่มคนต่างด้าวย้ายจาก ก ไป ข เกินจำนวน 20 คน กำหนด และทำการย้ายมากกว่า 14 วัน,2024-04-12 11:11:00,00018,18,00118,12,021,แกร่ง ไม่ จำกัด,"Krang Mai Co., Ltd.",19,กรรมกร,21152921,,MT_13_EXIT,Completed,2027-04-15 11:11:00.000
TC13,2.0,กรณีปกติ: กลุ่มคนต่างด้าวย้ายจาก ก ไป ข เกินจำนวน 20 คน กำหนด และทำการย้ายมากกว่า 14 วัน,2024-04-12 11:11:00,00018,18,00119,13,021,แกร่ง ไม่ จำกัด,"Krang Mai Co., Ltd.",19,กรรมกร,21152921,,MT_13_EXIT,Completed,2027-04-15 11:11:00.000
TC14,2.0,กรณีผิดปกติ: กลุ่มคนต่างด้าวย้ายจาก ก ไป ข เกินจำนวน 20 คนกำหนด และทำการย้าย = 14 วัน,2024-04-01 11:11:00,00019,19,00120,1,020,มั่นใจ ไม่ จำกัด,"Munjai Mai Co., Ltd.",17,กรรมกร,20152921,,MT_13_EXIT,Completed,2027-04-15 11:11:00.000
TC14,2.0,กรณีผิดปกติ: กลุ่มคนต่างด้าวย้ายจาก ก ไป ข เกินจำนวน 20 คนกำหนด และทำการย้าย = 14 วัน,2024-04-01 11:11:00,00019,19,00121,2,020,มั่นใจ ไม่ จำกัด,"Munjai Mai Co., Ltd.",17,กรรมกร,20152921,,MT_13_EXIT,Completed,2027-04-15 11:11:00.000
TC14,2.0,กรณีผิดปกติ: กลุ่มคนต่างด้าวย้ายจาก ก ไป ข เกินจำนวน 20 คนกำหนด และทำการย้าย = 14 วัน,2024-04-01 11:11:00,00019,19,00122,3,020,มั่นใจ ไม่ จำกัด,"Munjai Mai Co., Ltd.",17,กรรมกร,20152921,,MT_13_EXIT,Completed,2027-04-15 11:11:00.000
TC14,2.0,กรณีผิดปกติ: กลุ่มคนต่างด้าวย้ายจาก ก ไป ข เกินจำนวน 20 คนกำหนด และทำการย้าย = 14 วัน,2024-04-01 11:11:00,00019,19,00123,4,020,มั่นใจ ไม่ จำกัด,"Munjai Mai Co., Ltd.",17,กรรมกร,20152921,,MT_13_EXIT,Completed,2027-04-15 11:11:00.000
TC14,2.0,กรณีผิดปกติ: กลุ่มคนต่างด้าวย้ายจาก ก ไป ข เกินจำนวน 20 คนกำหนด และทำการย้าย = 14 วัน,2024-04-01 11:11:00,00019,19,00124,5,020,มั่นใจ ไม่ จำกัด,"Munjai Mai Co., Ltd.",17,กรรมกร,20152921,,MT_13_EXIT,Completed,2027-04-15 11:11:00.000
TC14,2.0,กรณีผิดปกติ: กลุ่มคนต่างด้าวย้ายจาก ก ไป ข เกินจำนวน 20 คนกำหนด และทำการย้าย = 14 วัน,2024-04-01 11:11:00,00019,19,00125,6,020,มั่นใจ ไม่ จำกัด,"Munjai Mai Co., Ltd.",17,กรรมกร,20152921,,MT_13_EXIT,Completed,2027-04-15 11:11:00.000
TC14,2.0,กรณีผิดปกติ: กลุ่มคนต่างด้าวย้ายจาก ก ไป ข เกินจำนวน 20 คนกำหนด และทำการย้าย = 14 วัน,2024-04-01 11:11:00,00019,19,00126,7,020,มั่นใจ ไม่ จำกัด,"Munjai Mai Co., Ltd.",17,กรรมกร,20152921,,MT_13_EXIT,Completed,2027-04-15 11:11:00.000
TC14,2.0,กรณีผิดปกติ: กลุ่มคนต่างด้าวย้ายจาก ก ไป ข เกินจำนวน 20 คนกำหนด และทำการย้าย = 14 วัน,2024-04-01 11:11:00,00019,19,00127,8,020,มั่นใจ ไม่ จำกัด,"Munjai Mai Co., Ltd.",17,กรรมกร,20152921,,MT_13_EXIT,Completed,2027-04-15 11:11:00.000
TC14,2.0,กรณีผิดปกติ: กลุ่มคนต่างด้าวย้ายจาก ก ไป ข เกินจำนวน 20 คนกำหนด และทำการย้าย = 14 วัน,2024-04-01 11:11:00,00019,19,00128,9,020,มั่นใจ ไม่ จำกัด,"Munjai Mai Co., Ltd.",17,กรรมกร,20152921,,MT_13_EXIT,Completed,2027-04-15 11:11:00.000
TC14,2.0,กรณีผิดปกติ: กลุ่มคนต่างด้าวย้ายจาก ก ไป ข เกินจำนวน 20 คนกำหนด และทำการย้าย = 14 วัน,2024-04-01 11:11:00,00019,19,00129,10,020,มั่นใจ ไม่ จำกัด,"Munjai Mai Co., Ltd.",17,กรรมกร,20152921,,MT_13_EXIT,Completed,2027-04-15 11:11:00.000
TC14,2.0,กรณีผิดปกติ: กลุ่มคนต่างด้าวย้ายจาก ก ไป ข เกินจำนวน 20 คนกำหนด และทำการย้าย = 14 วัน,2024-04-01 11:11:00,00019,19,00130,11,020,มั่นใจ ไม่ จำกัด,"Munjai Mai Co., Ltd.",17,กรรมกร,20152921,,MT_13_EXIT,Completed,2027-04-15 11:11:00.000
TC14,2.0,กรณีผิดปกติ: กลุ่มคนต่างด้าวย้ายจาก ก ไป ข เกินจำนวน 20 คนกำหนด และทำการย้าย = 14 วัน,2024-04-01 11:11:00,00019,19,00131,12,020,มั่นใจ ไม่ จำกัด,"Munjai Mai Co., Ltd.",17,กรรมกร,20152921,,MT_13_EXIT,Completed,2027-04-15 11:11:00.000
TC14,2.0,กรณีผิดปกติ: กลุ่มคนต่างด้าวย้ายจาก ก ไป ข เกินจำนวน 20 คนกำหนด และทำการย้าย = 14 วัน,2024-04-14 11:11:00,00020,20,00132,1,020,มั่นใจ ไม่ จำกัด,"Munjai Mai Co., Ltd.",17,งานขายของหน้าร้าน,20152921,,MT_13_EXIT,Completed,2027-04-15 11:11:00.000
TC14,2.0,กรณีผิดปกติ: กลุ่มคนต่างด้าวย้ายจาก ก ไป ข เกินจำนวน 20 คนกำหนด และทำการย้าย = 14 วัน,2024-04-14 11:11:00,00020,20,00133,2,020,มั่นใจ ไม่ จำกัด,"Munjai Mai Co., Ltd.",17,กรรมกร,20152921,,MT_13_EXIT,Completed,2027-04-15 11:11:00.000
TC14,2.0,กรณีผิดปกติ: กลุ่มคนต่างด้าวย้ายจาก ก ไป ข เกินจำนวน 20 คนกำหนด และทำการย้าย = 14 วัน,2024-04-14 11:11:00,00020,20,00134,3,020,มั่นใจ ไม่ จำกัด,"Munjai Mai Co., Ltd.",17,กรรมกร,20152921,,MT_13_EXIT,Completed,2027-04-15 11:11:00.000
TC14,2.0,กรณีผิดปกติ: กลุ่มคนต่างด้าวย้ายจาก ก ไป ข เกินจำนวน 20 คนกำหนด และทำการย้าย = 14 วัน,2024-04-14 11:11:00,00020,20,00135,4,020,มั่นใจ ไม่ จำกัด,"Munjai Mai Co., Ltd.",17,งานขายของหน้าร้าน,20152921,,MT_13_EXIT,Completed,2027-04-15 11:11:00.000
TC14,2.0,กรณีผิดปกติ: กลุ่มคนต่างด้าวย้ายจาก ก ไป ข เกินจำนวน 20 คนกำหนด และทำการย้าย = 14 วัน,2024-04-14 11:11:00,00020,20,00136,5,020,มั่นใจ ไม่ จำกัด,"Munjai Mai Co., Ltd.",17,กรรมกร,20152921,,MT_13_EXIT,Completed,2027-04-15 11:11:00.000
TC14,2.0,กรณีผิดปกติ: กลุ่มคนต่างด้าวย้ายจาก ก ไป ข เกินจำนวน 20 คนกำหนด และทำการย้าย = 14 วัน,2024-04-14 11:11:00,00020,20,00137,6,020,มั่นใจ ไม่ จำกัด,"Munjai Mai Co., Ltd.",17,กรรมกร,20152921,,MT_13_EXIT,Completed,2027-04-15 11:11:00.000
TC14,2.0,กรณีผิดปกติ: กลุ่มคนต่างด้าวย้ายจาก ก ไป ข เกินจำนวน 20 คนกำหนด และทำการย้าย = 14 วัน,2024-04-14 11:11:00,00020,20,00138,7,020,มั่นใจ ไม่ จำกัด,"Munjai Mai Co., Ltd.",17,กรรมกร,20152921,,MT_13_EXIT,Completed,2027-04-15 11:11:00.000
TC14,2.0,กรณีผิดปกติ: กลุ่มคนต่างด้าวย้ายจาก ก ไป ข เกินจำนวน 20 คนกำหนด และทำการย้าย = 14 วัน,2024-04-14 11:11:00,00020,20,00139,8,020,มั่นใจ ไม่ จำกัด,"Munjai Mai Co., Ltd.",17,กรรมกร,20152921,,MT_13_EXIT,Completed,2027-04-15 11:11:00.000
TC14,2.0,กรณีผิดปกติ: กลุ่มคนต่างด้าวย้ายจาก ก ไป ข เกินจำนวน 20 คนกำหนด และทำการย้าย = 14 วัน,2024-04-14 11:11:00,00020,20,00140,9,020,มั่นใจ ไม่ จำกัด,"Munjai Mai Co., Ltd.",17,กรรมกร,20152921,,MT_13_EXIT,Completed,2027-04-15 11:11:00.000
TC14,2.0,กรณีผิดปกติ: กลุ่มคนต่างด้าวย้ายจาก ก ไป ข เกินจำนวน 20 คนกำหนด และทำการย้าย = 14 วัน,2024-04-14 11:11:00,00020,20,00141,10,020,มั่นใจ ไม่ จำกัด,"Munjai Mai Co., Ltd.",17,กรรมกร,20152921,,MT_13_EXIT,Completed,2027-04-15 11:11:00.000
TC15,4.0,กรณีผิดปกติ: กลุ่มคนต่างด้าวยังไม่ได้แจ้งออกจากที่เก่า,2022-06-27 11:11:00,00021,21,00400,1,010,เจ๋ง ไม่ จำกัด,"Jeng Mai Co., Ltd.",9,กรรมกร,12346803,,MT_59,Consider requuest round1,2027-04-16 11:11:00.000
TC16,4.0,กรณีปกติ: กลุ่มคนต่างด้าวย้ายมาที่ ข ไม่เกินจำนวน 50 คนกำหนด และทำการย้ายภายใน 20 วัน,2024-04-27 11:11:00,00022,22,00142,1,010,เจ๋ง ไม่ จำกัด,"Jeng Mai Co., Ltd.",9,กรรมกร,12346803,,MT_13_EXIT,Completed,2027-04-17 11:10:59.995
TC16,4.0,กรณีปกติ: กลุ่มคนต่างด้าวย้ายมาที่ ข ไม่เกินจำนวน 50 คนกำหนด และทำการย้ายภายใน 20 วัน,2024-04-27 11:11:00,00022,22,00143,2,010,เจ๋ง ไม่ จำกัด,"Jeng Mai Co., Ltd.",9,กรรมกร,12346803,,MT_13_EXIT,Completed,2027-04-17 11:10:59.995
TC16,4.0,กรณีปกติ: กลุ่มคนต่างด้าวย้ายมาที่ ข ไม่เกินจำนวน 50 คนกำหนด และทำการย้ายภายใน 20 วัน,2024-04-27 11:11:00,00022,22,00144,3,010,เจ๋ง ไม่ จำกัด,"Jeng Mai Co., Ltd.",9,กรรมกร,12346803,,MT_13_EXIT,Completed,2027-04-17 11:10:59.995
TC16,4.0,กรณีปกติ: กลุ่มคนต่างด้าวย้ายมาที่ ข ไม่เกินจำนวน 50 คนกำหนด และทำการย้ายภายใน 20 วัน,2024-04-27 11:11:00,00022,22,00145,4,010,เจ๋ง ไม่ จำกัด,"Jeng Mai Co., Ltd.",9,กรรมกร,12346803,,MT_13_EXIT,Completed,2027-04-17 11:10:59.995
TC16,4.0,กรณีปกติ: กลุ่มคนต่างด้าวย้ายมาที่ ข ไม่เกินจำนวน 50 คนกำหนด และทำการย้ายภายใน 20 วัน,2024-04-27 11:11:00,00022,22,00146,5,010,เจ๋ง ไม่ จำกัด,"Jeng Mai Co., Ltd.",9,กรรมกร,12346803,,MT_13_EXIT,Completed,2027-04-17 11:10:59.995
TC16,4.0,กรณีปกติ: กลุ่มคนต่างด้าวย้ายมาที่ ข ไม่เกินจำนวน 50 คนกำหนด และทำการย้ายภายใน 20 วัน,2024-04-27 11:11:00,00022,22,00147,6,010,เจ๋ง ไม่ จำกัด,"Jeng Mai Co., Ltd.",9,กรรมกร,12346803,,MT_13_EXIT,Completed,2027-04-17 11:10:59.995
TC16,4.0,กรณีปกติ: กลุ่มคนต่างด้าวย้ายมาที่ ข ไม่เกินจำนวน 50 คนกำหนด และทำการย้ายภายใน 20 วัน,2024-04-27 11:11:00,00022,22,00148,7,010,เจ๋ง ไม่ จำกัด,"Jeng Mai Co., Ltd.",9,กรรมกร,12346803,,MT_13_EXIT,Completed,2027-04-17 11:10:59.995
TC16,4.0,กรณีปกติ: กลุ่มคนต่างด้าวย้ายมาที่ ข ไม่เกินจำนวน 50 คนกำหนด และทำการย้ายภายใน 20 วัน,2024-04-27 11:11:00,00022,22,00149,8,010,เจ๋ง ไม่ จำกัด,"Jeng Mai Co., Ltd.",9,กรรมกร,12346803,,MT_13_EXIT,Completed,2027-04-17 11:10:59.995
TC16,4.0,กรณีปกติ: กลุ่มคนต่างด้าวย้ายมาที่ ข ไม่เกินจำนวน 50 คนกำหนด และทำการย้ายภายใน 20 วัน,2024-04-27 11:11:00,00022,22,00150,9,010,เจ๋ง ไม่ จำกัด,"Jeng Mai Co., Ltd.",9,กรรมกร,12346803,,MT_13_EXIT,Completed,2027-04-17 11:10:59.995
TC16,4.0,กรณีปกติ: กลุ่มคนต่างด้าวย้ายมาที่ ข ไม่เกินจำนวน 50 คนกำหนด และทำการย้ายภายใน 20 วัน,2024-04-27 11:11:00,00022,22,00151,10,010,เจ๋ง ไม่ จำกัด,"Jeng Mai Co., Ltd.",9,กรรมกร,12346803,,MT_13_EXIT,Completed,2027-04-17 11:10:59.995
TC16,4.0,กรณีปกติ: กลุ่มคนต่างด้าวย้ายมาที่ ข ไม่เกินจำนวน 50 คนกำหนด และทำการย้ายภายใน 20 วัน,2024-04-27 11:11:00,00022,22,00152,11,010,เจ๋ง ไม่ จำกัด,"Jeng Mai Co., Ltd.",9,กรรมกร,12346803,,MT_13_EXIT,Completed,2027-04-17 11:10:59.995
TC16,4.0,กรณีปกติ: กลุ่มคนต่างด้าวย้ายมาที่ ข ไม่เกินจำนวน 50 คนกำหนด และทำการย้ายภายใน 20 วัน,2024-04-27 11:11:00,00022,22,00153,12,010,เจ๋ง ไม่ จำกัด,"Jeng Mai Co., Ltd.",9,กรรมกร,12346803,,MT_13_EXIT,Completed,2027-04-17 11:10:59.995
TC16,4.0,กรณีปกติ: กลุ่มคนต่างด้าวย้ายมาที่ ข ไม่เกินจำนวน 50 คนกำหนด และทำการย้ายภายใน 20 วัน,2024-04-27 11:11:00,00022,22,00154,13,010,เจ๋ง ไม่ จำกัด,"Jeng Mai Co., Ltd.",9,กรรมกร,12346803,,MT_13_EXIT,Completed,2027-04-17 11:10:59.995
TC16,4.0,กรณีปกติ: กลุ่มคนต่างด้าวย้ายมาที่ ข ไม่เกินจำนวน 50 คนกำหนด และทำการย้ายภายใน 20 วัน,2024-04-27 11:11:00,00022,22,00155,14,010,เจ๋ง ไม่ จำกัด,"Jeng Mai Co., Ltd.",9,กรรมกร,12346803,,MT_13_EXIT,Completed,2027-04-17 11:10:59.995
TC16,4.0,กรณีปกติ: กลุ่มคนต่างด้าวย้ายมาที่ ข ไม่เกินจำนวน 50 คนกำหนด และทำการย้ายภายใน 20 วัน,2024-04-27 11:11:00,00022,22,00156,15,010,เจ๋ง ไม่ จำกัด,"Jeng Mai Co., Ltd.",9,กรรมกร,12346803,,MT_13_EXIT,Completed,2027-04-17 11:10:59.995
TC16,4.0,กรณีปกติ: กลุ่มคนต่างด้าวย้ายมาที่ ข ไม่เกินจำนวน 50 คนกำหนด และทำการย้ายภายใน 20 วัน,2024-05-04 11:11:00,00023,23,00157,1,021,แกร่ง ไม่ จำกัด,"Krang Mai Co., Ltd.",19,กรรมกร,21152921,,MT_13_EXIT,Completed,2027-04-18 11:10:59.995
TC16,4.0,กรณีปกติ: กลุ่มคนต่างด้าวย้ายมาที่ ข ไม่เกินจำนวน 50 คนกำหนด และทำการย้ายภายใน 20 วัน,2024-05-04 11:11:00,00023,23,00158,2,021,แกร่ง ไม่ จำกัด,"Krang Mai Co., Ltd.",19,กรรมกร,21152921,,MT_13_EXIT,Completed,2027-04-18 11:10:59.995
TC16,4.0,กรณีปกติ: กลุ่มคนต่างด้าวย้ายมาที่ ข ไม่เกินจำนวน 50 คนกำหนด และทำการย้ายภายใน 20 วัน,2024-05-04 11:11:00,00023,23,00159,3,021,แกร่ง ไม่ จำกัด,"Krang Mai Co., Ltd.",19,กรรมกร,21152921,,MT_13_EXIT,Completed,2027-04-18 11:10:59.995
TC16,4.0,กรณีปกติ: กลุ่มคนต่างด้าวย้ายมาที่ ข ไม่เกินจำนวน 50 คนกำหนด และทำการย้ายภายใน 20 วัน,2024-05-04 11:11:00,00023,23,00160,4,021,แกร่ง ไม่ จำกัด,"Krang Mai Co., Ltd.",19,กรรมกร,21152921,,MT_13_EXIT,Completed,2027-04-18 11:10:59.995
TC16,4.0,กรณีปกติ: กลุ่มคนต่างด้าวย้ายมาที่ ข ไม่เกินจำนวน 50 คนกำหนด และทำการย้ายภายใน 20 วัน,2024-05-04 11:11:00,00023,23,00161,5,021,แกร่ง ไม่ จำกัด,"Krang Mai Co., Ltd.",19,กรรมกร,21152921,,MT_13_EXIT,Completed,2027-04-18 11:10:59.995
TC16,4.0,กรณีปกติ: กลุ่มคนต่างด้าวย้ายมาที่ ข ไม่เกินจำนวน 50 คนกำหนด และทำการย้ายภายใน 20 วัน,2024-05-04 11:11:00,00023,23,00162,6,021,แกร่ง ไม่ จำกัด,"Krang Mai Co., Ltd.",19,กรรมกร,21152921,,MT_13_EXIT,Completed,2027-04-18 11:10:59.995
TC16,4.0,กรณีปกติ: กลุ่มคนต่างด้าวย้ายมาที่ ข ไม่เกินจำนวน 50 คนกำหนด และทำการย้ายภายใน 20 วัน,2024-05-04 11:11:00,00023,23,00163,7,021,แกร่ง ไม่ จำกัด,"Krang Mai Co., Ltd.",19,กรรมกร,21152921,,MT_13_EXIT,Completed,2027-04-18 11:10:59.995
TC16,4.0,กรณีปกติ: กลุ่มคนต่างด้าวย้ายมาที่ ข ไม่เกินจำนวน 50 คนกำหนด และทำการย้ายภายใน 20 วัน,2024-05-04 11:11:00,00023,23,00164,8,021,แกร่ง ไม่ จำกัด,"Krang Mai Co., Ltd.",19,กรรมกร,21152921,,MT_13_EXIT,Completed,2027-04-18 11:10:59.995
TC16,4.0,กรณีปกติ: กลุ่มคนต่างด้าวย้ายมาที่ ข ไม่เกินจำนวน 50 คนกำหนด และทำการย้ายภายใน 20 วัน,2024-05-04 11:11:00,00023,23,00165,9,021,แกร่ง ไม่ จำกัด,"Krang Mai Co., Ltd.",19,กรรมกร,21152921,,MT_13_EXIT,Completed,2027-04-18 11:10:59.995
TC16,4.0,กรณีปกติ: กลุ่มคนต่างด้าวย้ายมาที่ ข ไม่เกินจำนวน 50 คนกำหนด และทำการย้ายภายใน 20 วัน,2024-05-04 11:11:00,00023,23,00166,10,021,แกร่ง ไม่ จำกัด,"Krang Mai Co., Ltd.",19,กรรมกร,21152921,,MT_13_EXIT,Completed,2027-04-18 11:10:59.995
TC16,4.0,กรณีปกติ: กลุ่มคนต่างด้าวย้ายมาที่ ข ไม่เกินจำนวน 50 คนกำหนด และทำการย้ายภายใน 20 วัน,2024-05-04 11:11:00,00023,23,00167,11,021,แกร่ง ไม่ จำกัด,"Krang Mai Co., Ltd.",19,กรรมกร,21152921,,MT_13_EXIT,Completed,2027-04-18 11:10:59.995
TC16,4.0,กรณีปกติ: กลุ่มคนต่างด้าวย้ายมาที่ ข ไม่เกินจำนวน 50 คนกำหนด และทำการย้ายภายใน 20 วัน,2024-05-04 11:11:00,00023,23,00168,12,021,แกร่ง ไม่ จำกัด,"Krang Mai Co., Ltd.",19,กรรมกร,21152921,,MT_13_EXIT,Completed,2027-04-18 11:10:59.995
TC16,4.0,กรณีปกติ: กลุ่มคนต่างด้าวย้ายมาที่ ข ไม่เกินจำนวน 50 คนกำหนด และทำการย้ายภายใน 20 วัน,2024-05-04 11:11:00,00023,23,00169,13,021,แกร่ง ไม่ จำกัด,"Krang Mai Co., Ltd.",19,กรรมกร,21152921,,MT_13_EXIT,Completed,2027-04-18 11:10:59.995
TC16,4.0,กรณีปกติ: กลุ่มคนต่างด้าวย้ายมาที่ ข ไม่เกินจำนวน 50 คนกำหนด และทำการย้ายภายใน 20 วัน,2024-05-04 11:11:00,00023,23,00170,14,021,แกร่ง ไม่ จำกัด,"Krang Mai Co., Ltd.",19,กรรมกร,21152921,,MT_13_EXIT,Completed,2027-04-18 11:10:59.995
TC16,4.0,กรณีปกติ: กลุ่มคนต่างด้าวย้ายมาที่ ข ไม่เกินจำนวน 50 คนกำหนด และทำการย้ายภายใน 20 วัน,2024-05-04 11:11:00,00023,23,00171,15,021,แกร่ง ไม่ จำกัด,"Krang Mai Co., Ltd.",19,กรรมกร,21152921,,MT_13_EXIT,Completed,2027-04-18 11:10:59.995
TC16,4.0,กรณีปกติ: กลุ่มคนต่างด้าวย้ายมาที่ ข ไม่เกินจำนวน 50 คนกำหนด และทำการย้ายภายใน 20 วัน,2024-05-04 11:11:00,00023,23,00172,16,021,แกร่ง ไม่ จำกัด,"Krang Mai Co., Ltd.",19,กรรมกร,21152921,,MT_13_EXIT,Completed,2027-04-18 11:10:59.995
TC16,4.0,กรณีปกติ: กลุ่มคนต่างด้าวย้ายมาที่ ข ไม่เกินจำนวน 50 คนกำหนด และทำการย้ายภายใน 20 วัน,2024-05-16 11:11:00,00024,24,00173,1,005,ฮา ไม่ จำกัด,"Hah Mai Co., Ltd.",9,กรรมกร,12346800,,MT_13_EXIT,Completed,2027-04-19 11:10:59.995
TC16,4.0,กรณีปกติ: กลุ่มคนต่างด้าวย้ายมาที่ ข ไม่เกินจำนวน 50 คนกำหนด และทำการย้ายภายใน 20 วัน,2024-05-16 11:11:00,00024,24,00174,2,005,ฮา ไม่ จำกัด,"Hah Mai Co., Ltd.",9,กรรมกร,12346800,,MT_13_EXIT,Completed,2027-04-19 11:10:59.995
TC16,4.0,กรณีปกติ: กลุ่มคนต่างด้าวย้ายมาที่ ข ไม่เกินจำนวน 50 คนกำหนด และทำการย้ายภายใน 20 วัน,2024-05-16 11:11:00,00024,24,00175,3,005,ฮา ไม่ จำกัด,"Hah Mai Co., Ltd.",9,กรรมกร,12346800,,MT_13_EXIT,Completed,2027-04-19 11:10:59.995
TC16,4.0,กรณีปกติ: กลุ่มคนต่างด้าวย้ายมาที่ ข ไม่เกินจำนวน 50 คนกำหนด และทำการย้ายภายใน 20 วัน,2024-05-16 11:11:00,00024,24,00176,4,005,ฮา ไม่ จำกัด,"Hah Mai Co., Ltd.",9,กรรมกร,12346800,,MT_13_EXIT,Completed,2027-04-19 11:10:59.995
TC16,4.0,กรณีปกติ: กลุ่มคนต่างด้าวย้ายมาที่ ข ไม่เกินจำนวน 50 คนกำหนด และทำการย้ายภายใน 20 วัน,2024-05-16 11:11:00,00024,24,00177,5,005,ฮา ไม่ จำกัด,"Hah Mai Co., Ltd.",9,กรรมกร,12346800,,MT_13_EXIT,Completed,2027-04-19 11:10:59.995
TC16,4.0,กรณีปกติ: กลุ่มคนต่างด้าวย้ายมาที่ ข ไม่เกินจำนวน 50 คนกำหนด และทำการย้ายภายใน 20 วัน,2024-05-16 11:11:00,00024,24,00178,6,005,ฮา ไม่ จำกัด,"Hah Mai Co., Ltd.",9,กรรมกร,12346800,,MT_13_EXIT,Completed,2027-04-19 11:10:59.995
TC16,4.0,กรณีปกติ: กลุ่มคนต่างด้าวย้ายมาที่ ข ไม่เกินจำนวน 50 คนกำหนด และทำการย้ายภายใน 20 วัน,2024-05-16 11:11:00,00024,24,00179,7,005,ฮา ไม่ จำกัด,"Hah Mai Co., Ltd.",9,กรรมกร,12346800,,MT_13_EXIT,Completed,2027-04-19 11:10:59.995
TC16,4.0,กรณีปกติ: กลุ่มคนต่างด้าวย้ายมาที่ ข ไม่เกินจำนวน 50 คนกำหนด และทำการย้ายภายใน 20 วัน,2024-05-16 11:11:00,00024,24,00180,8,005,ฮา ไม่ จำกัด,"Hah Mai Co., Ltd.",9,กรรมกร,12346800,,MT_13_EXIT,Completed,2027-04-19 11:10:59.995
TC16,4.0,กรณีปกติ: กลุ่มคนต่างด้าวย้ายมาที่ ข ไม่เกินจำนวน 50 คนกำหนด และทำการย้ายภายใน 20 วัน,2024-05-16 11:11:00,00024,24,00181,9,005,ฮา ไม่ จำกัด,"Hah Mai Co., Ltd.",9,กรรมกร,12346800,,MT_13_EXIT,Completed,2027-04-19 11:10:59.995
TC16,4.0,กรณีปกติ: กลุ่มคนต่างด้าวย้ายมาที่ ข ไม่เกินจำนวน 50 คนกำหนด และทำการย้ายภายใน 20 วัน,2024-05-16 11:11:00,00024,24,00182,10,005,ฮา ไม่ จำกัด,"Hah Mai Co., Ltd.",9,กรรมกร,12346800,,MT_13_EXIT,Completed,2027-04-19 11:10:59.995
TC16,4.0,กรณีปกติ: กลุ่มคนต่างด้าวย้ายมาที่ ข ไม่เกินจำนวน 50 คนกำหนด และทำการย้ายภายใน 20 วัน,2024-05-16 11:11:00,00024,24,00183,11,005,ฮา ไม่ จำกัด,"Hah Mai Co., Ltd.",9,กรรมกร,12346800,,MT_13_EXIT,Completed,2027-04-19 11:10:59.995
TC16,4.0,กรณีปกติ: กลุ่มคนต่างด้าวย้ายมาที่ ข ไม่เกินจำนวน 50 คนกำหนด และทำการย้ายภายใน 20 วัน,2024-05-16 11:11:00,00024,24,00184,12,005,ฮา ไม่ จำกัด,"Hah Mai Co., Ltd.",9,กรรมกร,12346800,,MT_13_EXIT,Completed,2027-04-19 11:10:59.995
TC16,4.0,กรณีปกติ: กลุ่มคนต่างด้าวย้ายมาที่ ข ไม่เกินจำนวน 50 คนกำหนด และทำการย้ายภายใน 20 วัน,2024-05-16 11:11:00,00024,24,00185,13,005,ฮา ไม่ จำกัด,"Hah Mai Co., Ltd.",9,กรรมกร,12346800,,MT_13_EXIT,Completed,2027-04-19 11:10:59.995
TC16,4.0,กรณีปกติ: กลุ่มคนต่างด้าวย้ายมาที่ ข ไม่เกินจำนวน 50 คนกำหนด และทำการย้ายภายใน 20 วัน,2024-05-16 11:11:00,00024,24,00186,14,005,ฮา ไม่ จำกัด,"Hah Mai Co., Ltd.",9,กรรมกร,12346800,,MT_13_EXIT,Completed,2027-04-19 11:10:59.995
TC16,4.0,กรณีปกติ: กลุ่มคนต่างด้าวย้ายมาที่ ข ไม่เกินจำนวน 50 คนกำหนด และทำการย้ายภายใน 20 วัน,2024-05-16 11:11:00,00024,24,00187,15,005,ฮา ไม่ จำกัด,"Hah Mai Co., Ltd.",9,กรรมกร,12346800,,MT_13_EXIT,Completed,2027-04-19 11:10:59.995
TC16,4.0,กรณีปกติ: กลุ่มคนต่างด้าวย้ายมาที่ ข ไม่เกินจำนวน 50 คนกำหนด และทำการย้ายภายใน 20 วัน,2024-05-16 11:11:00,00024,24,00188,16,005,ฮา ไม่ จำกัด,"Hah Mai Co., Ltd.",9,กรรมกร,12346800,,MT_13_EXIT,Completed,2027-04-19 11:10:59.995
TC16,4.0,กรณีปกติ: กลุ่มคนต่างด้าวย้ายมาที่ ข ไม่เกินจำนวน 50 คนกำหนด และทำการย้ายภายใน 20 วัน,2024-05-16 11:11:00,00024,24,189,17,005,ฮา ไม่ จำกัด,"Hah Mai Co., Ltd.",9,กรรมกร,12346800,,MT_13_EXIT,Completed,2027-04-19 11:10:59.995
TC17,4.0,กรณีปกติ: กลุ่มคนต่างด้าวย้ายมาที่ ข ไม่เกินจำนวน 50 คนกำหนด และทำการย้าย = 20 วัน,2024-05-27 11:11:00,00025,25,00190,1,012,งาม ไม่ จำกัด,"Ngam Mai Co., Ltd.",9,กรรมกร,12346993,,MT_13_EXIT,Completed,2027-04-20 11:10:59.995
TC17,4.0,กรณีปกติ: กลุ่มคนต่างด้าวย้ายมาที่ ข ไม่เกินจำนวน 50 คนกำหนด และทำการย้าย = 20 วัน,2024-05-27 11:11:00,00025,25,00191,2,012,งาม ไม่ จำกัด,"Ngam Mai Co., Ltd.",9,กรรมกร,12346993,,MT_13_EXIT,Completed,2027-04-20 11:10:59.995
TC17,4.0,กรณีปกติ: กลุ่มคนต่างด้าวย้ายมาที่ ข ไม่เกินจำนวน 50 คนกำหนด และทำการย้าย = 20 วัน,2024-05-27 11:11:00,00025,25,00192,3,012,งาม ไม่ จำกัด,"Ngam Mai Co., Ltd.",9,กรรมกร,12346993,,MT_13_EXIT,Completed,2027-04-20 11:10:59.995
TC17,4.0,กรณีปกติ: กลุ่มคนต่างด้าวย้ายมาที่ ข ไม่เกินจำนวน 50 คนกำหนด และทำการย้าย = 20 วัน,2024-05-27 11:11:00,00025,25,00193,4,012,งาม ไม่ จำกัด,"Ngam Mai Co., Ltd.",9,กรรมกร,12346993,,MT_13_EXIT,Completed,2027-04-20 11:10:59.995
TC17,4.0,กรณีปกติ: กลุ่มคนต่างด้าวย้ายมาที่ ข ไม่เกินจำนวน 50 คนกำหนด และทำการย้าย = 20 วัน,2024-05-27 11:11:00,00025,25,00194,5,012,งาม ไม่ จำกัด,"Ngam Mai Co., Ltd.",9,กรรมกร,12346993,,MT_13_EXIT,Completed,2027-04-20 11:10:59.995
TC17,4.0,กรณีปกติ: กลุ่มคนต่างด้าวย้ายมาที่ ข ไม่เกินจำนวน 50 คนกำหนด และทำการย้าย = 20 วัน,2024-05-27 11:11:00,00025,25,00195,6,012,งาม ไม่ จำกัด,"Ngam Mai Co., Ltd.",9,กรรมกร,12346993,,MT_13_EXIT,Completed,2027-04-20 11:10:59.995
TC17,4.0,กรณีปกติ: กลุ่มคนต่างด้าวย้ายมาที่ ข ไม่เกินจำนวน 50 คนกำหนด และทำการย้าย = 20 วัน,2024-05-27 11:11:00,00025,25,00196,7,012,งาม ไม่ จำกัด,"Ngam Mai Co., Ltd.",9,กรรมกร,12346993,,MT_13_EXIT,Completed,2027-04-20 11:10:59.995
TC17,4.0,กรณีปกติ: กลุ่มคนต่างด้าวย้ายมาที่ ข ไม่เกินจำนวน 50 คนกำหนด และทำการย้าย = 20 วัน,2024-05-27 11:11:00,00025,25,00197,8,012,งาม ไม่ จำกัด,"Ngam Mai Co., Ltd.",9,กรรมกร,12346993,,MT_13_EXIT,Completed,2027-04-20 11:10:59.995
TC17,4.0,กรณีปกติ: กลุ่มคนต่างด้าวย้ายมาที่ ข ไม่เกินจำนวน 50 คนกำหนด และทำการย้าย = 20 วัน,2024-05-27 11:11:00,00025,25,00198,9,012,งาม ไม่ จำกัด,"Ngam Mai Co., Ltd.",9,กรรมกร,12346993,,MT_13_EXIT,Completed,2027-04-20 11:10:59.995
TC17,4.0,กรณีปกติ: กลุ่มคนต่างด้าวย้ายมาที่ ข ไม่เกินจำนวน 50 คนกำหนด และทำการย้าย = 20 วัน,2024-05-27 11:11:00,00025,25,00199,10,012,งาม ไม่ จำกัด,"Ngam Mai Co., Ltd.",9,กรรมกร,12346993,,MT_13_EXIT,Completed,2027-04-20 11:10:59.995
TC17,4.0,กรณีปกติ: กลุ่มคนต่างด้าวย้ายมาที่ ข ไม่เกินจำนวน 50 คนกำหนด และทำการย้าย = 20 วัน,2024-05-27 11:11:00,00025,25,00200,11,012,งาม ไม่ จำกัด,"Ngam Mai Co., Ltd.",9,กรรมกร,12346993,,MT_13_EXIT,Completed,2027-04-20 11:10:59.995
TC17,4.0,กรณีปกติ: กลุ่มคนต่างด้าวย้ายมาที่ ข ไม่เกินจำนวน 50 คนกำหนด และทำการย้าย = 20 วัน,2024-05-27 11:11:00,00025,25,00201,12,012,งาม ไม่ จำกัด,"Ngam Mai Co., Ltd.",9,กรรมกร,12346993,,MT_13_EXIT,Completed,2027-04-20 11:10:59.995
TC17,4.0,กรณีปกติ: กลุ่มคนต่างด้าวย้ายมาที่ ข ไม่เกินจำนวน 50 คนกำหนด และทำการย้าย = 20 วัน,2024-05-17 11:11:00,00026,26,00202,1,005,ฮา ไม่ จำกัด,"Hah Mai Co., Ltd.",9,กรรมกร,12346800,,MT_13_EXIT,Completed,2027-04-21 11:10:59.995
TC17,4.0,กรณีปกติ: กลุ่มคนต่างด้าวย้ายมาที่ ข ไม่เกินจำนวน 50 คนกำหนด และทำการย้าย = 20 วัน,2024-05-17 11:11:00,00026,26,00203,2,005,ฮา ไม่ จำกัด,"Hah Mai Co., Ltd.",9,กรรมกร,12346800,,MT_13_EXIT,Completed,2027-04-21 11:10:59.995
TC17,4.0,กรณีปกติ: กลุ่มคนต่างด้าวย้ายมาที่ ข ไม่เกินจำนวน 50 คนกำหนด และทำการย้าย = 20 วัน,2024-05-17 11:11:00,00026,26,00204,3,005,ฮา ไม่ จำกัด,"Hah Mai Co., Ltd.",9,กรรมกร,12346800,,MT_13_EXIT,Completed,2027-04-21 11:10:59.995
TC17,4.0,กรณีปกติ: กลุ่มคนต่างด้าวย้ายมาที่ ข ไม่เกินจำนวน 50 คนกำหนด และทำการย้าย = 20 วัน,2024-05-17 11:11:00,00026,26,00205,4,005,ฮา ไม่ จำกัด,"Hah Mai Co., Ltd.",9,กรรมกร,12346800,,MT_13_EXIT,Completed,2027-04-21 11:10:59.995
TC17,4.0,กรณีปกติ: กลุ่มคนต่างด้าวย้ายมาที่ ข ไม่เกินจำนวน 50 คนกำหนด และทำการย้าย = 20 วัน,2024-05-17 11:11:00,00026,26,00206,5,005,ฮา ไม่ จำกัด,"Hah Mai Co., Ltd.",9,กรรมกร,12346800,,MT_13_EXIT,Completed,2027-04-21 11:10:59.995
TC17,4.0,กรณีปกติ: กลุ่มคนต่างด้าวย้ายมาที่ ข ไม่เกินจำนวน 50 คนกำหนด และทำการย้าย = 20 วัน,2024-05-17 11:11:00,00026,26,00207,6,005,ฮา ไม่ จำกัด,"Hah Mai Co., Ltd.",9,กรรมกร,12346800,,MT_13_EXIT,Completed,2027-04-21 11:10:59.995
TC17,4.0,กรณีปกติ: กลุ่มคนต่างด้าวย้ายมาที่ ข ไม่เกินจำนวน 50 คนกำหนด และทำการย้าย = 20 วัน,2024-05-17 11:11:00,00026,26,00208,7,005,ฮา ไม่ จำกัด,"Hah Mai Co., Ltd.",9,กรรมกร,12346800,,MT_13_EXIT,Completed,2027-04-21 11:10:59.995
TC17,4.0,กรณีปกติ: กลุ่มคนต่างด้าวย้ายมาที่ ข ไม่เกินจำนวน 50 คนกำหนด และทำการย้าย = 20 วัน,2024-05-17 11:11:00,00026,26,00209,8,005,ฮา ไม่ จำกัด,"Hah Mai Co., Ltd.",9,กรรมกร,12346800,,MT_13_EXIT,Completed,2027-04-21 11:10:59.995
TC17,4.0,กรณีปกติ: กลุ่มคนต่างด้าวย้ายมาที่ ข ไม่เกินจำนวน 50 คนกำหนด และทำการย้าย = 20 วัน,2024-05-17 11:11:00,00026,26,00210,9,005,ฮา ไม่ จำกัด,"Hah Mai Co., Ltd.",9,กรรมกร,12346800,,MT_13_EXIT,Completed,2027-04-21 11:10:59.995
TC17,4.0,กรณีปกติ: กลุ่มคนต่างด้าวย้ายมาที่ ข ไม่เกินจำนวน 50 คนกำหนด และทำการย้าย = 20 วัน,2024-05-17 11:11:00,00026,26,00211,10,005,ฮา ไม่ จำกัด,"Hah Mai Co., Ltd.",9,กรรมกร,12346800,,MT_13_EXIT,Completed,2027-04-21 11:10:59.995
TC18,4.0,กรณีปกติ: กลุ่มคนต่างด้าวย้ายมาที่ ข ไม่เกินจำนวน 50 คนกำหนด และทำการย้ายมากกว่า 20 วัน,2024-05-27 11:11:00,00027,27,00212,1,013,หล่อ ไม่ จำกัด,"Lor Mai Co., Ltd.",9,กรรมกร,13155987,,MT_13_EXIT,Completed,2027-04-22 11:10:59.995
TC18,4.0,กรณีปกติ: กลุ่มคนต่างด้าวย้ายมาที่ ข ไม่เกินจำนวน 50 คนกำหนด และทำการย้ายมากกว่า 20 วัน,2024-05-27 11:11:00,00027,27,00213,2,013,หล่อ ไม่ จำกัด,"Lor Mai Co., Ltd.",9,กรรมกร,13155987,,MT_13_EXIT,Completed,2027-04-22 11:10:59.995
TC18,4.0,กรณีปกติ: กลุ่มคนต่างด้าวย้ายมาที่ ข ไม่เกินจำนวน 50 คนกำหนด และทำการย้ายมากกว่า 20 วัน,2024-05-27 11:11:00,00027,27,00214,3,013,หล่อ ไม่ จำกัด,"Lor Mai Co., Ltd.",9,กรรมกร,13155987,,MT_13_EXIT,Completed,2027-04-22 11:10:59.995
TC18,4.0,กรณีปกติ: กลุ่มคนต่างด้าวย้ายมาที่ ข ไม่เกินจำนวน 50 คนกำหนด และทำการย้ายมากกว่า 20 วัน,2024-05-27 11:11:00,00027,27,00215,4,013,หล่อ ไม่ จำกัด,"Lor Mai Co., Ltd.",9,กรรมกร,13155987,,MT_13_EXIT,Completed,2027-04-22 11:10:59.995
TC18,4.0,กรณีปกติ: กลุ่มคนต่างด้าวย้ายมาที่ ข ไม่เกินจำนวน 50 คนกำหนด และทำการย้ายมากกว่า 20 วัน,2024-05-27 11:11:00,00027,27,00216,5,013,หล่อ ไม่ จำกัด,"Lor Mai Co., Ltd.",9,กรรมกร,13155987,,MT_13_EXIT,Completed,2027-04-22 11:10:59.995
TC18,4.0,กรณีปกติ: กลุ่มคนต่างด้าวย้ายมาที่ ข ไม่เกินจำนวน 50 คนกำหนด และทำการย้ายมากกว่า 20 วัน,2024-05-27 11:11:00,00027,27,00217,6,013,หล่อ ไม่ จำกัด,"Lor Mai Co., Ltd.",9,กรรมกร,13155987,,MT_13_EXIT,Completed,2027-04-22 11:10:59.995
TC18,4.0,กรณีปกติ: กลุ่มคนต่างด้าวย้ายมาที่ ข ไม่เกินจำนวน 50 คนกำหนด และทำการย้ายมากกว่า 20 วัน,2024-05-27 11:11:00,00027,27,00218,7,013,หล่อ ไม่ จำกัด,"Lor Mai Co., Ltd.",9,กรรมกร,13155987,,MT_13_EXIT,Completed,2027-04-22 11:10:59.995
TC18,4.0,กรณีปกติ: กลุ่มคนต่างด้าวย้ายมาที่ ข ไม่เกินจำนวน 50 คนกำหนด และทำการย้ายมากกว่า 20 วัน,2024-05-27 11:11:00,00027,27,00219,8,013,หล่อ ไม่ จำกัด,"Lor Mai Co., Ltd.",9,กรรมกร,13155987,,MT_13_EXIT,Completed,2027-04-22 11:10:59.995
TC18,4.0,กรณีปกติ: กลุ่มคนต่างด้าวย้ายมาที่ ข ไม่เกินจำนวน 50 คนกำหนด และทำการย้ายมากกว่า 20 วัน,2024-05-27 11:11:00,00027,27,00220,9,013,หล่อ ไม่ จำกัด,"Lor Mai Co., Ltd.",9,กรรมกร,13155987,,MT_13_EXIT,Completed,2027-04-22 11:10:59.995
TC18,4.0,กรณีปกติ: กลุ่มคนต่างด้าวย้ายมาที่ ข ไม่เกินจำนวน 50 คนกำหนด และทำการย้ายมากกว่า 20 วัน,2024-05-18 11:11:00,00028,28,00221,1,021,แกร่ง ไม่ จำกัด,"Krang Mai Co., Ltd.",19,กรรมกร,21152921,,MT_13_EXIT,Completed,2027-04-23 11:10:59.995
TC18,4.0,กรณีปกติ: กลุ่มคนต่างด้าวย้ายมาที่ ข ไม่เกินจำนวน 50 คนกำหนด และทำการย้ายมากกว่า 20 วัน,2024-05-18 11:11:00,00028,28,00222,2,021,แกร่ง ไม่ จำกัด,"Krang Mai Co., Ltd.",19,กรรมกร,21152921,,MT_13_EXIT,Completed,2027-04-23 11:10:59.995
TC18,4.0,กรณีปกติ: กลุ่มคนต่างด้าวย้ายมาที่ ข ไม่เกินจำนวน 50 คนกำหนด และทำการย้ายมากกว่า 20 วัน,2024-05-18 11:11:00,00028,28,00223,3,021,แกร่ง ไม่ จำกัด,"Krang Mai Co., Ltd.",19,กรรมกร,21152921,,MT_13_EXIT,Completed,2027-04-23 11:10:59.995
TC18,4.0,กรณีปกติ: กลุ่มคนต่างด้าวย้ายมาที่ ข ไม่เกินจำนวน 50 คนกำหนด และทำการย้ายมากกว่า 20 วัน,2024-05-18 11:11:00,00028,28,00224,4,021,แกร่ง ไม่ จำกัด,"Krang Mai Co., Ltd.",19,กรรมกร,21152921,,MT_13_EXIT,Completed,2027-04-23 11:10:59.995
TC18,4.0,กรณีปกติ: กลุ่มคนต่างด้าวย้ายมาที่ ข ไม่เกินจำนวน 50 คนกำหนด และทำการย้ายมากกว่า 20 วัน,2024-05-18 11:11:00,00028,28,00225,5,021,แกร่ง ไม่ จำกัด,"Krang Mai Co., Ltd.",19,กรรมกร,21152921,,MT_13_EXIT,Completed,2027-04-23 11:10:59.995
TC18,4.0,กรณีปกติ: กลุ่มคนต่างด้าวย้ายมาที่ ข ไม่เกินจำนวน 50 คนกำหนด และทำการย้ายมากกว่า 20 วัน,2024-05-18 11:11:00,00028,28,00226,6,021,แกร่ง ไม่ จำกัด,"Krang Mai Co., Ltd.",19,กรรมกร,21152921,,MT_13_EXIT,Completed,2027-04-23 11:10:59.995
TC18,4.0,กรณีปกติ: กลุ่มคนต่างด้าวย้ายมาที่ ข ไม่เกินจำนวน 50 คนกำหนด และทำการย้ายมากกว่า 20 วัน,2024-05-18 11:11:00,00028,28,00227,7,021,แกร่ง ไม่ จำกัด,"Krang Mai Co., Ltd.",19,กรรมกร,21152921,,MT_13_EXIT,Completed,2027-04-23 11:10:59.995
TC18,4.0,กรณีปกติ: กลุ่มคนต่างด้าวย้ายมาที่ ข ไม่เกินจำนวน 50 คนกำหนด และทำการย้ายมากกว่า 20 วัน,2024-05-18 11:11:00,00028,28,00228,8,021,แกร่ง ไม่ จำกัด,"Krang Mai Co., Ltd.",19,กรรมกร,21152921,,MT_13_EXIT,Completed,2027-04-23 11:10:59.995
TC18,4.0,กรณีปกติ: กลุ่มคนต่างด้าวย้ายมาที่ ข ไม่เกินจำนวน 50 คนกำหนด และทำการย้ายมากกว่า 20 วัน,2024-05-18 11:11:00,00028,28,00229,9,021,แกร่ง ไม่ จำกัด,"Krang Mai Co., Ltd.",19,กรรมกร,21152921,,MT_13_EXIT,Completed,2027-04-23 11:10:59.995
TC18,4.0,กรณีปกติ: กลุ่มคนต่างด้าวย้ายมาที่ ข ไม่เกินจำนวน 50 คนกำหนด และทำการย้ายมากกว่า 20 วัน,2024-05-18 11:11:00,00028,28,00230,10,021,แกร่ง ไม่ จำกัด,"Krang Mai Co., Ltd.",19,กรรมกร,21152921,,MT_13_EXIT,Completed,2027-04-23 11:10:59.995
TC18,4.0,กรณีปกติ: กลุ่มคนต่างด้าวย้ายมาที่ ข ไม่เกินจำนวน 50 คนกำหนด และทำการย้ายมากกว่า 20 วัน,2024-05-18 11:11:00,00028,28,00231,11,021,แกร่ง ไม่ จำกัด,"Krang Mai Co., Ltd.",19,กรรมกร,21152921,,MT_13_EXIT,Completed,2027-04-23 11:10:59.995
TC18,4.0,กรณีปกติ: กลุ่มคนต่างด้าวย้ายมาที่ ข ไม่เกินจำนวน 50 คนกำหนด และทำการย้ายมากกว่า 20 วัน,2024-05-18 11:11:00,00028,28,00232,12,021,แกร่ง ไม่ จำกัด,"Krang Mai Co., Ltd.",19,กรรมกร,21152921,,MT_13_EXIT,Completed,2027-04-23 11:10:59.995
TC18,4.0,กรณีปกติ: กลุ่มคนต่างด้าวย้ายมาที่ ข ไม่เกินจำนวน 50 คนกำหนด และทำการย้ายมากกว่า 20 วัน,2024-05-18 11:11:00,00028,28,00233,13,021,แกร่ง ไม่ จำกัด,"Krang Mai Co., Ltd.",19,กรรมกร,21152921,,MT_13_EXIT,Completed,2027-04-23 11:10:59.995
TC18,4.0,กรณีปกติ: กลุ่มคนต่างด้าวย้ายมาที่ ข ไม่เกินจำนวน 50 คนกำหนด และทำการย้ายมากกว่า 20 วัน,2024-05-18 11:11:00,00028,28,00234,14,021,แกร่ง ไม่ จำกัด,"Krang Mai Co., Ltd.",19,กรรมกร,21152921,,MT_13_EXIT,Completed,2027-04-23 11:10:59.995
TC18,4.0,กรณีปกติ: กลุ่มคนต่างด้าวย้ายมาที่ ข ไม่เกินจำนวน 50 คนกำหนด และทำการย้ายมากกว่า 20 วัน,2024-05-18 11:11:00,00028,28,00235,15,021,แกร่ง ไม่ จำกัด,"Krang Mai Co., Ltd.",19,กรรมกร,21152921,,MT_13_EXIT,Completed,2027-04-23 11:10:59.995
TC18,4.0,กรณีปกติ: กลุ่มคนต่างด้าวย้ายมาที่ ข ไม่เกินจำนวน 50 คนกำหนด และทำการย้ายมากกว่า 20 วัน,2024-05-18 11:11:00,00028,28,00236,16,021,แกร่ง ไม่ จำกัด,"Krang Mai Co., Ltd.",19,กรรมกร,21152921,,MT_13_EXIT,Completed,2027-04-23 11:10:59.995
TC18,4.0,กรณีปกติ: กลุ่มคนต่างด้าวย้ายมาที่ ข ไม่เกินจำนวน 50 คนกำหนด และทำการย้ายมากกว่า 20 วัน,2024-05-18 11:11:00,00028,28,00237,17,021,แกร่ง ไม่ จำกัด,"Krang Mai Co., Ltd.",19,กรรมกร,21152921,,MT_13_EXIT,Completed,2027-04-23 11:10:59.995
TC19,4.0,กรณีผิดปกติ: กลุ่มคนต่างด้าวย้ายมา ข เกินจำนวน 50 คนกำหนด และทำการย้ายภายใน 20 วัน,2024-05-01 11:11:00,00029,29,00238,1,012,งาม ไม่ จำกัด,"Ngam Mai Co., Ltd.",9,กรรมกร,12346993,,MT_13_EXIT,Completed,2027-04-24 11:10:59.995
TC19,4.0,กรณีผิดปกติ: กลุ่มคนต่างด้าวย้ายมา ข เกินจำนวน 50 คนกำหนด และทำการย้ายภายใน 20 วัน,2024-05-01 11:11:00,00029,29,00239,2,012,งาม ไม่ จำกัด,"Ngam Mai Co., Ltd.",9,กรรมกร,12346993,,MT_13_EXIT,Completed,2027-04-24 11:10:59.995
TC19,4.0,กรณีผิดปกติ: กลุ่มคนต่างด้าวย้ายมา ข เกินจำนวน 50 คนกำหนด และทำการย้ายภายใน 20 วัน,2024-05-01 11:11:00,00029,29,00240,3,012,งาม ไม่ จำกัด,"Ngam Mai Co., Ltd.",9,กรรมกร,12346993,,MT_13_EXIT,Completed,2027-04-24 11:10:59.995
TC19,4.0,กรณีผิดปกติ: กลุ่มคนต่างด้าวย้ายมา ข เกินจำนวน 50 คนกำหนด และทำการย้ายภายใน 20 วัน,2024-05-01 11:11:00,00029,29,00241,4,012,งาม ไม่ จำกัด,"Ngam Mai Co., Ltd.",9,กรรมกร,12346993,,MT_13_EXIT,Completed,2027-04-24 11:10:59.995
TC19,4.0,กรณีผิดปกติ: กลุ่มคนต่างด้าวย้ายมา ข เกินจำนวน 50 คนกำหนด และทำการย้ายภายใน 20 วัน,2024-05-01 11:11:00,00029,29,00242,5,012,งาม ไม่ จำกัด,"Ngam Mai Co., Ltd.",9,กรรมกร,12346993,,MT_13_EXIT,Completed,2027-04-24 11:10:59.995
TC19,4.0,กรณีผิดปกติ: กลุ่มคนต่างด้าวย้ายมา ข เกินจำนวน 50 คนกำหนด และทำการย้ายภายใน 20 วัน,2024-05-01 11:11:00,00029,29,00243,6,012,งาม ไม่ จำกัด,"Ngam Mai Co., Ltd.",9,กรรมกร,12346993,,MT_13_EXIT,Completed,2027-04-24 11:10:59.995
TC19,4.0,กรณีผิดปกติ: กลุ่มคนต่างด้าวย้ายมา ข เกินจำนวน 50 คนกำหนด และทำการย้ายภายใน 20 วัน,2024-05-01 11:11:00,00029,29,00244,7,012,งาม ไม่ จำกัด,"Ngam Mai Co., Ltd.",9,กรรมกร,12346993,,MT_13_EXIT,Completed,2027-04-24 11:10:59.995
TC19,4.0,กรณีผิดปกติ: กลุ่มคนต่างด้าวย้ายมา ข เกินจำนวน 50 คนกำหนด และทำการย้ายภายใน 20 วัน,2024-05-01 11:11:00,00029,29,00245,8,012,งาม ไม่ จำกัด,"Ngam Mai Co., Ltd.",9,กรรมกร,12346993,,MT_13_EXIT,Completed,2027-04-24 11:10:59.995
TC19,4.0,กรณีผิดปกติ: กลุ่มคนต่างด้าวย้ายมา ข เกินจำนวน 50 คนกำหนด และทำการย้ายภายใน 20 วัน,2024-05-01 11:11:00,00029,29,00246,9,012,งาม ไม่ จำกัด,"Ngam Mai Co., Ltd.",9,กรรมกร,12346993,,MT_13_EXIT,Completed,2027-04-24 11:10:59.995
TC19,4.0,กรณีผิดปกติ: กลุ่มคนต่างด้าวย้ายมา ข เกินจำนวน 50 คนกำหนด และทำการย้ายภายใน 20 วัน,2024-05-01 11:11:00,00029,29,00247,10,012,งาม ไม่ จำกัด,"Ngam Mai Co., Ltd.",9,กรรมกร,12346993,,MT_13_EXIT,Completed,2027-04-24 11:10:59.995
TC19,4.0,กรณีผิดปกติ: กลุ่มคนต่างด้าวย้ายมา ข เกินจำนวน 50 คนกำหนด และทำการย้ายภายใน 20 วัน,2024-05-01 11:11:00,00029,29,00248,11,012,งาม ไม่ จำกัด,"Ngam Mai Co., Ltd.",9,กรรมกร,12346993,,MT_13_EXIT,Completed,2027-04-24 11:10:59.995
TC19,4.0,กรณีผิดปกติ: กลุ่มคนต่างด้าวย้ายมา ข เกินจำนวน 50 คนกำหนด และทำการย้ายภายใน 20 วัน,2024-05-01 11:11:00,00029,29,00249,12,012,งาม ไม่ จำกัด,"Ngam Mai Co., Ltd.",9,กรรมกร,12346993,,MT_13_EXIT,Completed,2027-04-24 11:10:59.995
TC19,4.0,กรณีผิดปกติ: กลุ่มคนต่างด้าวย้ายมา ข เกินจำนวน 50 คนกำหนด และทำการย้ายภายใน 20 วัน,2024-05-01 11:11:00,00029,29,00250,13,012,งาม ไม่ จำกัด,"Ngam Mai Co., Ltd.",9,กรรมกร,12346993,,MT_13_EXIT,Completed,2027-04-24 11:10:59.995
TC19,4.0,กรณีผิดปกติ: กลุ่มคนต่างด้าวย้ายมา ข เกินจำนวน 50 คนกำหนด และทำการย้ายภายใน 20 วัน,2024-05-01 11:11:00,00029,29,00251,14,012,งาม ไม่ จำกัด,"Ngam Mai Co., Ltd.",9,กรรมกร,12346993,,MT_13_EXIT,Completed,2027-04-24 11:10:59.995
TC19,4.0,กรณีผิดปกติ: กลุ่มคนต่างด้าวย้ายมา ข เกินจำนวน 50 คนกำหนด และทำการย้ายภายใน 20 วัน,2024-05-01 11:11:00,00029,29,00252,15,012,งาม ไม่ จำกัด,"Ngam Mai Co., Ltd.",9,กรรมกร,12346993,,MT_13_EXIT,Completed,2027-04-24 11:10:59.995
TC19,4.0,กรณีผิดปกติ: กลุ่มคนต่างด้าวย้ายมา ข เกินจำนวน 50 คนกำหนด และทำการย้ายภายใน 20 วัน,2024-05-01 11:11:00,00029,29,00253,16,012,งาม ไม่ จำกัด,"Ngam Mai Co., Ltd.",9,กรรมกร,12346993,,MT_13_EXIT,Completed,2027-04-24 11:10:59.995
TC19,4.0,กรณีผิดปกติ: กลุ่มคนต่างด้าวย้ายมา ข เกินจำนวน 50 คนกำหนด และทำการย้ายภายใน 20 วัน,2024-05-01 11:11:00,00029,29,00254,17,012,งาม ไม่ จำกัด,"Ngam Mai Co., Ltd.",9,กรรมกร,12346993,,MT_13_EXIT,Completed,2027-04-24 11:10:59.995
TC19,4.0,กรณีผิดปกติ: กลุ่มคนต่างด้าวย้ายมา ข เกินจำนวน 50 คนกำหนด และทำการย้ายภายใน 20 วัน,2024-05-11 11:11:00,00030,30,00255,1,021,แกร่ง ไม่ จำกัด,"Krang Mai Co., Ltd.",19,กรรมกร,21152921,,MT_13_EXIT,Completed,2027-04-25 11:10:59.995
TC19,4.0,กรณีผิดปกติ: กลุ่มคนต่างด้าวย้ายมา ข เกินจำนวน 50 คนกำหนด และทำการย้ายภายใน 20 วัน,2024-05-11 11:11:00,00030,30,00256,2,021,แกร่ง ไม่ จำกัด,"Krang Mai Co., Ltd.",19,กรรมกร,21152921,,MT_13_EXIT,Completed,2027-04-25 11:10:59.995
TC19,4.0,กรณีผิดปกติ: กลุ่มคนต่างด้าวย้ายมา ข เกินจำนวน 50 คนกำหนด และทำการย้ายภายใน 20 วัน,2024-05-11 11:11:00,00030,30,00257,3,021,แกร่ง ไม่ จำกัด,"Krang Mai Co., Ltd.",19,กรรมกร,21152921,,MT_13_EXIT,Completed,2027-04-25 11:10:59.995
TC19,4.0,กรณีผิดปกติ: กลุ่มคนต่างด้าวย้ายมา ข เกินจำนวน 50 คนกำหนด และทำการย้ายภายใน 20 วัน,2024-05-11 11:11:00,00030,30,00258,4,021,แกร่ง ไม่ จำกัด,"Krang Mai Co., Ltd.",19,กรรมกร,21152921,,MT_13_EXIT,Completed,2027-04-25 11:10:59.995
TC19,4.0,กรณีผิดปกติ: กลุ่มคนต่างด้าวย้ายมา ข เกินจำนวน 50 คนกำหนด และทำการย้ายภายใน 20 วัน,2024-05-11 11:11:00,00030,30,00259,5,021,แกร่ง ไม่ จำกัด,"Krang Mai Co., Ltd.",19,กรรมกร,21152921,,MT_13_EXIT,Completed,2027-04-25 11:10:59.995
TC19,4.0,กรณีผิดปกติ: กลุ่มคนต่างด้าวย้ายมา ข เกินจำนวน 50 คนกำหนด และทำการย้ายภายใน 20 วัน,2024-05-11 11:11:00,00030,30,00260,6,021,แกร่ง ไม่ จำกัด,"Krang Mai Co., Ltd.",19,กรรมกร,21152921,,MT_13_EXIT,Completed,2027-04-25 11:10:59.995
TC19,4.0,กรณีผิดปกติ: กลุ่มคนต่างด้าวย้ายมา ข เกินจำนวน 50 คนกำหนด และทำการย้ายภายใน 20 วัน,2024-05-11 11:11:00,00030,30,00261,7,021,แกร่ง ไม่ จำกัด,"Krang Mai Co., Ltd.",19,กรรมกร,21152921,,MT_13_EXIT,Completed,2027-04-25 11:10:59.995
TC19,4.0,กรณีผิดปกติ: กลุ่มคนต่างด้าวย้ายมา ข เกินจำนวน 50 คนกำหนด และทำการย้ายภายใน 20 วัน,2024-05-11 11:11:00,00030,30,00262,8,021,แกร่ง ไม่ จำกัด,"Krang Mai Co., Ltd.",19,กรรมกร,21152921,,MT_13_EXIT,Completed,2027-04-25 11:10:59.995
TC19,4.0,กรณีผิดปกติ: กลุ่มคนต่างด้าวย้ายมา ข เกินจำนวน 50 คนกำหนด และทำการย้ายภายใน 20 วัน,2024-05-11 11:11:00,00030,30,00263,9,021,แกร่ง ไม่ จำกัด,"Krang Mai Co., Ltd.",19,กรรมกร,21152921,,MT_13_EXIT,Completed,2027-04-25 11:10:59.995
TC19,4.0,กรณีผิดปกติ: กลุ่มคนต่างด้าวย้ายมา ข เกินจำนวน 50 คนกำหนด และทำการย้ายภายใน 20 วัน,2024-05-11 11:11:00,00030,30,00264,10,021,แกร่ง ไม่ จำกัด,"Krang Mai Co., Ltd.",19,กรรมกร,21152921,,MT_13_EXIT,Completed,2027-04-25 11:10:59.995
TC19,4.0,กรณีผิดปกติ: กลุ่มคนต่างด้าวย้ายมา ข เกินจำนวน 50 คนกำหนด และทำการย้ายภายใน 20 วัน,2024-05-11 11:11:00,00030,30,00265,11,021,แกร่ง ไม่ จำกัด,"Krang Mai Co., Ltd.",19,กรรมกร,21152921,,MT_13_EXIT,Completed,2027-04-25 11:10:59.995
TC19,4.0,กรณีผิดปกติ: กลุ่มคนต่างด้าวย้ายมา ข เกินจำนวน 50 คนกำหนด และทำการย้ายภายใน 20 วัน,2024-05-11 11:11:00,00030,30,00266,12,021,แกร่ง ไม่ จำกัด,"Krang Mai Co., Ltd.",19,กรรมกร,21152921,,MT_13_EXIT,Completed,2027-04-25 11:10:59.995
TC19,4.0,กรณีผิดปกติ: กลุ่มคนต่างด้าวย้ายมา ข เกินจำนวน 50 คนกำหนด และทำการย้ายภายใน 20 วัน,2024-05-11 11:11:00,00030,30,00267,13,021,แกร่ง ไม่ จำกัด,"Krang Mai Co., Ltd.",19,กรรมกร,21152921,,MT_13_EXIT,Completed,2027-04-25 11:10:59.995
TC19,4.0,กรณีผิดปกติ: กลุ่มคนต่างด้าวย้ายมา ข เกินจำนวน 50 คนกำหนด และทำการย้ายภายใน 20 วัน,2024-05-11 11:11:00,00030,30,00268,14,021,แกร่ง ไม่ จำกัด,"Krang Mai Co., Ltd.",19,กรรมกร,21152921,,MT_13_EXIT,Completed,2027-04-25 11:10:59.995
TC19,4.0,กรณีผิดปกติ: กลุ่มคนต่างด้าวย้ายมา ข เกินจำนวน 50 คนกำหนด และทำการย้ายภายใน 20 วัน,2024-05-11 11:11:00,00030,30,00269,15,021,แกร่ง ไม่ จำกัด,"Krang Mai Co., Ltd.",19,งานทํารองเท้า,21152921,,MT_13_EXIT,Completed,2027-04-25 11:10:59.995
TC19,4.0,กรณีผิดปกติ: กลุ่มคนต่างด้าวย้ายมา ข เกินจำนวน 50 คนกำหนด และทำการย้ายภายใน 20 วัน,2024-05-11 11:11:00,00030,30,00270,16,021,แกร่ง ไม่ จำกัด,"Krang Mai Co., Ltd.",19,งานทําหมวก,21152921,,MT_13_EXIT,Completed,2027-04-25 11:10:59.995
TC19,4.0,กรณีผิดปกติ: กลุ่มคนต่างด้าวย้ายมา ข เกินจำนวน 50 คนกำหนด และทำการย้ายภายใน 20 วัน,2024-05-19 11:11:00,00031,31,00271,1,004,สวย ไม่ จำกัด,"Suay Mai Co., Ltd.",4,งานทํารองเท้า,12345700,,MT_13_EXIT,Completed,2027-04-26 11:10:59.995
TC19,4.0,กรณีผิดปกติ: กลุ่มคนต่างด้าวย้ายมา ข เกินจำนวน 50 คนกำหนด และทำการย้ายภายใน 20 วัน,2024-05-19 11:11:00,00031,31,00272,2,004,สวย ไม่ จำกัด,"Suay Mai Co., Ltd.",4,งานทําหมวก,12345700,,MT_13_EXIT,Completed,2027-04-26 11:10:59.995
TC19,4.0,กรณีผิดปกติ: กลุ่มคนต่างด้าวย้ายมา ข เกินจำนวน 50 คนกำหนด และทำการย้ายภายใน 20 วัน,2024-05-19 11:11:00,00031,31,00273,3,004,สวย ไม่ จำกัด,"Suay Mai Co., Ltd.",4,กรรมกร,12345700,,MT_13_EXIT,Completed,2027-04-26 11:10:59.995
TC19,4.0,กรณีผิดปกติ: กลุ่มคนต่างด้าวย้ายมา ข เกินจำนวน 50 คนกำหนด และทำการย้ายภายใน 20 วัน,2024-05-19 11:11:00,00031,31,00274,4,004,สวย ไม่ จำกัด,"Suay Mai Co., Ltd.",4,กรรมกร,12345700,,MT_13_EXIT,Completed,2027-04-26 11:10:59.995
TC19,4.0,กรณีผิดปกติ: กลุ่มคนต่างด้าวย้ายมา ข เกินจำนวน 50 คนกำหนด และทำการย้ายภายใน 20 วัน,2024-05-19 11:11:00,00031,31,00275,5,004,สวย ไม่ จำกัด,"Suay Mai Co., Ltd.",4,กรรมกร,12345700,,MT_13_EXIT,Completed,2027-04-26 11:10:59.995
TC19,4.0,กรณีผิดปกติ: กลุ่มคนต่างด้าวย้ายมา ข เกินจำนวน 50 คนกำหนด และทำการย้ายภายใน 20 วัน,2024-05-19 11:11:00,00031,31,00276,6,004,สวย ไม่ จำกัด,"Suay Mai Co., Ltd.",4,กรรมกร,12345700,,MT_13_EXIT,Completed,2027-04-26 11:10:59.995
TC19,4.0,กรณีผิดปกติ: กลุ่มคนต่างด้าวย้ายมา ข เกินจำนวน 50 คนกำหนด และทำการย้ายภายใน 20 วัน,2024-05-19 11:11:00,00031,31,00277,7,004,สวย ไม่ จำกัด,"Suay Mai Co., Ltd.",4,กรรมกร,12345700,,MT_13_EXIT,Completed,2027-04-26 11:10:59.995
TC19,4.0,กรณีผิดปกติ: กลุ่มคนต่างด้าวย้ายมา ข เกินจำนวน 50 คนกำหนด และทำการย้ายภายใน 20 วัน,2024-05-19 11:11:00,00031,31,00278,8,004,สวย ไม่ จำกัด,"Suay Mai Co., Ltd.",4,กรรมกร,12345700,,MT_13_EXIT,Completed,2027-04-26 11:10:59.995
TC19,4.0,กรณีผิดปกติ: กลุ่มคนต่างด้าวย้ายมา ข เกินจำนวน 50 คนกำหนด และทำการย้ายภายใน 20 วัน,2024-05-19 11:11:00,00031,31,00279,9,004,สวย ไม่ จำกัด,"Suay Mai Co., Ltd.",4,กรรมกร,12345700,,MT_13_EXIT,Completed,2027-04-26 11:10:59.995
TC19,4.0,กรณีผิดปกติ: กลุ่มคนต่างด้าวย้ายมา ข เกินจำนวน 50 คนกำหนด และทำการย้ายภายใน 20 วัน,2024-05-19 11:11:00,00031,31,00280,10,004,สวย ไม่ จำกัด,"Suay Mai Co., Ltd.",4,กรรมกร,12345700,,MT_13_EXIT,Completed,2027-04-26 11:10:59.995
TC19,4.0,กรณีผิดปกติ: กลุ่มคนต่างด้าวย้ายมา ข เกินจำนวน 50 คนกำหนด และทำการย้ายภายใน 20 วัน,2024-05-19 11:11:00,00031,31,00281,11,004,สวย ไม่ จำกัด,"Suay Mai Co., Ltd.",4,กรรมกร,12345700,,MT_13_EXIT,Completed,2027-04-26 11:10:59.995
TC19,4.0,กรณีผิดปกติ: กลุ่มคนต่างด้าวย้ายมา ข เกินจำนวน 50 คนกำหนด และทำการย้ายภายใน 20 วัน,2024-05-19 11:11:00,00031,31,00282,12,004,สวย ไม่ จำกัด,"Suay Mai Co., Ltd.",4,กรรมกร,12345700,,MT_13_EXIT,Completed,2027-04-26 11:10:59.995
TC19,4.0,กรณีผิดปกติ: กลุ่มคนต่างด้าวย้ายมา ข เกินจำนวน 50 คนกำหนด และทำการย้ายภายใน 20 วัน,2024-05-19 11:11:00,00031,31,00283,13,004,สวย ไม่ จำกัด,"Suay Mai Co., Ltd.",4,กรรมกร,12345700,,MT_13_EXIT,Completed,2027-04-26 11:10:59.995
TC19,4.0,กรณีผิดปกติ: กลุ่มคนต่างด้าวย้ายมา ข เกินจำนวน 50 คนกำหนด และทำการย้ายภายใน 20 วัน,2024-05-19 11:11:00,00031,31,00284,14,004,สวย ไม่ จำกัด,"Suay Mai Co., Ltd.",4,กรรมกร,12345700,,MT_13_EXIT,Completed,2027-04-26 11:10:59.995
TC19,4.0,กรณีผิดปกติ: กลุ่มคนต่างด้าวย้ายมา ข เกินจำนวน 50 คนกำหนด และทำการย้ายภายใน 20 วัน,2024-05-19 11:11:00,00031,31,00285,15,004,สวย ไม่ จำกัด,"Suay Mai Co., Ltd.",4,กรรมกร,12345700,,MT_13_EXIT,Completed,2027-04-26 11:10:59.995
TC19,4.0,กรณีผิดปกติ: กลุ่มคนต่างด้าวย้ายมา ข เกินจำนวน 50 คนกำหนด และทำการย้ายภายใน 20 วัน,2024-05-19 11:11:00,00031,31,00286,16,004,สวย ไม่ จำกัด,"Suay Mai Co., Ltd.",4,งานทํารองเท้า,12345700,,MT_13_EXIT,Completed,2027-04-26 11:10:59.995
TC19,4.0,กรณีผิดปกติ: กลุ่มคนต่างด้าวย้ายมา ข เกินจำนวน 50 คนกำหนด และทำการย้ายภายใน 20 วัน,2024-05-19 11:11:00,00031,31,00287,17,004,สวย ไม่ จำกัด,"Suay Mai Co., Ltd.",4,งานทําหมวก,12345700,,MT_13_EXIT,Completed,2027-04-26 11:10:59.995
TC20,4.0,กรณีผิดปกติ: กลุ่มคนต่างด้าวย้ายมา ข เกินจำนวน 50 คนกำหนด และทำการย้าย = 20 วัน,2024-05-30 11:11:00,00032,32,00288,1,012,งาม ไม่ จำกัด,"Ngam Mai Co., Ltd.",9,กรรมกร,12346993,,MT_13_EXIT,Completed,2027-04-27 11:10:59.995
TC20,4.0,กรณีผิดปกติ: กลุ่มคนต่างด้าวย้ายมา ข เกินจำนวน 50 คนกำหนด และทำการย้าย = 20 วัน,2024-05-30 11:11:00,00032,32,00289,2,012,งาม ไม่ จำกัด,"Ngam Mai Co., Ltd.",9,กรรมกร,12346993,,MT_13_EXIT,Completed,2027-04-27 11:10:59.995
TC20,4.0,กรณีผิดปกติ: กลุ่มคนต่างด้าวย้ายมา ข เกินจำนวน 50 คนกำหนด และทำการย้าย = 20 วัน,2024-05-30 11:11:00,00032,32,00290,3,012,งาม ไม่ จำกัด,"Ngam Mai Co., Ltd.",9,กรรมกร,12346993,,MT_13_EXIT,Completed,2027-04-27 11:10:59.995
TC20,4.0,กรณีผิดปกติ: กลุ่มคนต่างด้าวย้ายมา ข เกินจำนวน 50 คนกำหนด และทำการย้าย = 20 วัน,2024-05-30 11:11:00,00032,32,00291,4,012,งาม ไม่ จำกัด,"Ngam Mai Co., Ltd.",9,กรรมกร,12346993,,MT_13_EXIT,Completed,2027-04-27 11:10:59.995
TC20,4.0,กรณีผิดปกติ: กลุ่มคนต่างด้าวย้ายมา ข เกินจำนวน 50 คนกำหนด และทำการย้าย = 20 วัน,2024-05-30 11:11:00,00032,32,00292,5,012,งาม ไม่ จำกัด,"Ngam Mai Co., Ltd.",9,กรรมกร,12346993,,MT_13_EXIT,Completed,2027-04-27 11:10:59.995
TC20,4.0,กรณีผิดปกติ: กลุ่มคนต่างด้าวย้ายมา ข เกินจำนวน 50 คนกำหนด และทำการย้าย = 20 วัน,2024-05-30 11:11:00,00032,32,00293,6,012,งาม ไม่ จำกัด,"Ngam Mai Co., Ltd.",9,กรรมกร,12346993,,MT_13_EXIT,Completed,2027-04-27 11:10:59.995
TC20,4.0,กรณีผิดปกติ: กลุ่มคนต่างด้าวย้ายมา ข เกินจำนวน 50 คนกำหนด และทำการย้าย = 20 วัน,2024-05-30 11:11:00,00032,32,00294,7,012,งาม ไม่ จำกัด,"Ngam Mai Co., Ltd.",9,กรรมกร,12346993,,MT_13_EXIT,Completed,2027-04-27 11:10:59.995
TC20,4.0,กรณีผิดปกติ: กลุ่มคนต่างด้าวย้ายมา ข เกินจำนวน 50 คนกำหนด และทำการย้าย = 20 วัน,2024-05-30 11:11:00,00032,32,00295,8,012,งาม ไม่ จำกัด,"Ngam Mai Co., Ltd.",9,กรรมกร,12346993,,MT_13_EXIT,Completed,2027-04-27 11:10:59.995
TC20,4.0,กรณีผิดปกติ: กลุ่มคนต่างด้าวย้ายมา ข เกินจำนวน 50 คนกำหนด และทำการย้าย = 20 วัน,2024-05-30 11:11:00,00032,32,00296,9,012,งาม ไม่ จำกัด,"Ngam Mai Co., Ltd.",9,กรรมกร,12346993,,MT_13_EXIT,Completed,2027-04-27 11:10:59.995
TC20,4.0,กรณีผิดปกติ: กลุ่มคนต่างด้าวย้ายมา ข เกินจำนวน 50 คนกำหนด และทำการย้าย = 20 วัน,2024-05-30 11:11:00,00032,32,00297,10,012,งาม ไม่ จำกัด,"Ngam Mai Co., Ltd.",9,กรรมกร,12346993,,MT_13_EXIT,Completed,2027-04-27 11:10:59.995
TC20,4.0,กรณีผิดปกติ: กลุ่มคนต่างด้าวย้ายมา ข เกินจำนวน 50 คนกำหนด และทำการย้าย = 20 วัน,2024-05-30 11:11:00,00032,32,00298,11,012,งาม ไม่ จำกัด,"Ngam Mai Co., Ltd.",9,กรรมกร,12346993,,MT_13_EXIT,Completed,2027-04-27 11:10:59.995
TC20,4.0,กรณีผิดปกติ: กลุ่มคนต่างด้าวย้ายมา ข เกินจำนวน 50 คนกำหนด และทำการย้าย = 20 วัน,2024-05-30 11:11:00,00032,32,00299,12,012,งาม ไม่ จำกัด,"Ngam Mai Co., Ltd.",9,กรรมกร,12346993,,MT_13_EXIT,Completed,2027-04-27 11:10:59.995
TC20,4.0,กรณีผิดปกติ: กลุ่มคนต่างด้าวย้ายมา ข เกินจำนวน 50 คนกำหนด และทำการย้าย = 20 วัน,2024-05-30 11:11:00,00032,32,00300,13,012,งาม ไม่ จำกัด,"Ngam Mai Co., Ltd.",9,กรรมกร,12346993,,MT_13_EXIT,Completed,2027-04-27 11:10:59.995
TC20,4.0,กรณีผิดปกติ: กลุ่มคนต่างด้าวย้ายมา ข เกินจำนวน 50 คนกำหนด และทำการย้าย = 20 วัน,2024-05-30 11:11:00,00032,32,00301,14,012,งาม ไม่ จำกัด,"Ngam Mai Co., Ltd.",9,กรรมกร,12346993,,MT_13_EXIT,Completed,2027-04-27 11:10:59.995
TC20,4.0,กรณีผิดปกติ: กลุ่มคนต่างด้าวย้ายมา ข เกินจำนวน 50 คนกำหนด และทำการย้าย = 20 วัน,2024-05-30 11:11:00,00032,32,00302,15,012,งาม ไม่ จำกัด,"Ngam Mai Co., Ltd.",9,กรรมกร,12346993,,MT_13_EXIT,Completed,2027-04-27 11:10:59.995
TC20,4.0,กรณีผิดปกติ: กลุ่มคนต่างด้าวย้ายมา ข เกินจำนวน 50 คนกำหนด และทำการย้าย = 20 วัน,2024-05-09 11:11:00,00033,33,00303,1,004,สวย ไม่ จำกัด,"Suay Mai Co., Ltd.",4,กรรมกร,12345700,,MT_13_EXIT,Completed,2027-04-28 11:10:59.995
TC20,4.0,กรณีผิดปกติ: กลุ่มคนต่างด้าวย้ายมา ข เกินจำนวน 50 คนกำหนด และทำการย้าย = 20 วัน,2024-05-09 11:11:00,00033,33,00304,2,004,สวย ไม่ จำกัด,"Suay Mai Co., Ltd.",4,กรรมกร,12345700,,MT_13_EXIT,Completed,2027-04-28 11:10:59.995
TC20,4.0,กรณีผิดปกติ: กลุ่มคนต่างด้าวย้ายมา ข เกินจำนวน 50 คนกำหนด และทำการย้าย = 20 วัน,2024-05-09 11:11:00,00033,33,00305,3,004,สวย ไม่ จำกัด,"Suay Mai Co., Ltd.",4,กรรมกร,12345700,,MT_13_EXIT,Completed,2027-04-28 11:10:59.995
TC20,4.0,กรณีผิดปกติ: กลุ่มคนต่างด้าวย้ายมา ข เกินจำนวน 50 คนกำหนด และทำการย้าย = 20 วัน,2024-05-09 11:11:00,00033,33,00306,4,004,สวย ไม่ จำกัด,"Suay Mai Co., Ltd.",4,กรรมกร,12345700,,MT_13_EXIT,Completed,2027-04-28 11:10:59.995
TC20,4.0,กรณีผิดปกติ: กลุ่มคนต่างด้าวย้ายมา ข เกินจำนวน 50 คนกำหนด และทำการย้าย = 20 วัน,2024-05-09 11:11:00,00033,33,00307,5,004,สวย ไม่ จำกัด,"Suay Mai Co., Ltd.",4,กรรมกร,12345700,,MT_13_EXIT,Completed,2027-04-28 11:10:59.995
TC20,4.0,กรณีผิดปกติ: กลุ่มคนต่างด้าวย้ายมา ข เกินจำนวน 50 คนกำหนด และทำการย้าย = 20 วัน,2024-05-09 11:11:00,00033,33,00308,6,004,สวย ไม่ จำกัด,"Suay Mai Co., Ltd.",4,กรรมกร,12345700,,MT_13_EXIT,Completed,2027-04-28 11:10:59.995
TC20,4.0,กรณีผิดปกติ: กลุ่มคนต่างด้าวย้ายมา ข เกินจำนวน 50 คนกำหนด และทำการย้าย = 20 วัน,2024-05-09 11:11:00,00033,33,00309,7,004,สวย ไม่ จำกัด,"Suay Mai Co., Ltd.",4,กรรมกร,12345700,,MT_13_EXIT,Completed,2027-04-28 11:10:59.995
TC20,4.0,กรณีผิดปกติ: กลุ่มคนต่างด้าวย้ายมา ข เกินจำนวน 50 คนกำหนด และทำการย้าย = 20 วัน,2024-05-09 11:11:00,00033,33,00310,8,004,สวย ไม่ จำกัด,"Suay Mai Co., Ltd.",4,กรรมกร,12345700,,MT_13_EXIT,Completed,2027-04-28 11:10:59.995
TC20,4.0,กรณีผิดปกติ: กลุ่มคนต่างด้าวย้ายมา ข เกินจำนวน 50 คนกำหนด และทำการย้าย = 20 วัน,2024-05-09 11:11:00,00033,33,00311,9,004,สวย ไม่ จำกัด,"Suay Mai Co., Ltd.",4,กรรมกร,12345700,,MT_13_EXIT,Completed,2027-04-28 11:10:59.995
TC20,4.0,กรณีผิดปกติ: กลุ่มคนต่างด้าวย้ายมา ข เกินจำนวน 50 คนกำหนด และทำการย้าย = 20 วัน,2024-05-09 11:11:00,00033,33,00312,10,004,สวย ไม่ จำกัด,"Suay Mai Co., Ltd.",4,กรรมกร,12345700,,MT_13_EXIT,Completed,2027-04-28 11:10:59.995
TC20,4.0,กรณีผิดปกติ: กลุ่มคนต่างด้าวย้ายมา ข เกินจำนวน 50 คนกำหนด และทำการย้าย = 20 วัน,2024-05-09 11:11:00,00033,33,00313,11,004,สวย ไม่ จำกัด,"Suay Mai Co., Ltd.",4,กรรมกร,12345700,,MT_13_EXIT,Completed,2027-04-28 11:10:59.995
TC20,4.0,กรณีผิดปกติ: กลุ่มคนต่างด้าวย้ายมา ข เกินจำนวน 50 คนกำหนด และทำการย้าย = 20 วัน,2024-05-09 11:11:00,00033,33,00314,12,004,สวย ไม่ จำกัด,"Suay Mai Co., Ltd.",4,กรรมกร,12345700,,MT_13_EXIT,Completed,2027-04-28 11:10:59.995
TC20,4.0,กรณีผิดปกติ: กลุ่มคนต่างด้าวย้ายมา ข เกินจำนวน 50 คนกำหนด และทำการย้าย = 20 วัน,2024-05-09 11:11:00,00033,33,00315,13,004,สวย ไม่ จำกัด,"Suay Mai Co., Ltd.",4,กรรมกร,12345700,,MT_13_EXIT,Completed,2027-04-28 11:10:59.995
TC20,4.0,กรณีผิดปกติ: กลุ่มคนต่างด้าวย้ายมา ข เกินจำนวน 50 คนกำหนด และทำการย้าย = 20 วัน,2024-05-09 11:11:00,00033,33,00316,14,004,สวย ไม่ จำกัด,"Suay Mai Co., Ltd.",4,กรรมกร,12345700,,MT_13_EXIT,Completed,2027-04-28 11:10:59.995
TC20,4.0,กรณีผิดปกติ: กลุ่มคนต่างด้าวย้ายมา ข เกินจำนวน 50 คนกำหนด และทำการย้าย = 20 วัน,2024-05-09 11:11:00,00033,33,00317,15,004,สวย ไม่ จำกัด,"Suay Mai Co., Ltd.",4,งานทํารองเท้า,12345700,,MT_13_EXIT,Completed,2027-04-28 11:10:59.995
TC20,4.0,กรณีผิดปกติ: กลุ่มคนต่างด้าวย้ายมา ข เกินจำนวน 50 คนกำหนด และทำการย้าย = 20 วัน,2024-05-09 11:11:00,00033,33,00318,16,004,สวย ไม่ จำกัด,"Suay Mai Co., Ltd.",4,งานทําหมวก,12345700,,MT_13_EXIT,Completed,2027-04-28 11:10:59.995
TC20,4.0,กรณีผิดปกติ: กลุ่มคนต่างด้าวย้ายมา ข เกินจำนวน 50 คนกำหนด และทำการย้าย = 20 วัน,2024-05-20 11:11:00,00034,34,00319,1,009,เฮฮา ไม่ จำกัด,"Heyha Mai Co., Ltd.",9,กรรมกร,23095701,,MT_13_EXIT,Completed,2027-04-29 11:10:59.995
TC20,4.0,กรณีผิดปกติ: กลุ่มคนต่างด้าวย้ายมา ข เกินจำนวน 50 คนกำหนด และทำการย้าย = 20 วัน,2024-05-20 11:11:00,00034,34,00320,2,009,เฮฮา ไม่ จำกัด,"Heyha Mai Co., Ltd.",9,กรรมกร,23095701,,MT_13_EXIT,Completed,2027-04-29 11:10:59.995
TC20,4.0,กรณีผิดปกติ: กลุ่มคนต่างด้าวย้ายมา ข เกินจำนวน 50 คนกำหนด และทำการย้าย = 20 วัน,2024-05-20 11:11:00,00034,34,00321,3,009,เฮฮา ไม่ จำกัด,"Heyha Mai Co., Ltd.",9,กรรมกร,23095701,,MT_13_EXIT,Completed,2027-04-29 11:10:59.995
TC20,4.0,กรณีผิดปกติ: กลุ่มคนต่างด้าวย้ายมา ข เกินจำนวน 50 คนกำหนด และทำการย้าย = 20 วัน,2024-05-20 11:11:00,00034,34,00322,4,009,เฮฮา ไม่ จำกัด,"Heyha Mai Co., Ltd.",9,กรรมกร,23095701,,MT_13_EXIT,Completed,2027-04-29 11:10:59.995
TC20,4.0,กรณีผิดปกติ: กลุ่มคนต่างด้าวย้ายมา ข เกินจำนวน 50 คนกำหนด และทำการย้าย = 20 วัน,2024-05-20 11:11:00,00034,34,00323,5,009,เฮฮา ไม่ จำกัด,"Heyha Mai Co., Ltd.",9,กรรมกร,23095701,,MT_13_EXIT,Completed,2027-04-29 11:10:59.995
TC20,4.0,กรณีผิดปกติ: กลุ่มคนต่างด้าวย้ายมา ข เกินจำนวน 50 คนกำหนด และทำการย้าย = 20 วัน,2024-05-20 11:11:00,00034,34,00324,6,009,เฮฮา ไม่ จำกัด,"Heyha Mai Co., Ltd.",9,กรรมกร,23095701,,MT_13_EXIT,Completed,2027-04-29 11:10:59.995
TC20,4.0,กรณีผิดปกติ: กลุ่มคนต่างด้าวย้ายมา ข เกินจำนวน 50 คนกำหนด และทำการย้าย = 20 วัน,2024-05-20 11:11:00,00034,34,00325,7,009,เฮฮา ไม่ จำกัด,"Heyha Mai Co., Ltd.",9,กรรมกร,23095701,,MT_13_EXIT,Completed,2027-04-29 11:10:59.995
TC20,4.0,กรณีผิดปกติ: กลุ่มคนต่างด้าวย้ายมา ข เกินจำนวน 50 คนกำหนด และทำการย้าย = 20 วัน,2024-05-20 11:11:00,00034,34,00326,8,009,เฮฮา ไม่ จำกัด,"Heyha Mai Co., Ltd.",9,กรรมกร,23095701,,MT_13_EXIT,Completed,2027-04-29 11:10:59.995
TC20,4.0,กรณีผิดปกติ: กลุ่มคนต่างด้าวย้ายมา ข เกินจำนวน 50 คนกำหนด และทำการย้าย = 20 วัน,2024-05-20 11:11:00,00034,34,00327,9,009,เฮฮา ไม่ จำกัด,"Heyha Mai Co., Ltd.",9,กรรมกร,23095701,,MT_13_EXIT,Completed,2027-04-29 11:10:59.995
TC20,4.0,กรณีผิดปกติ: กลุ่มคนต่างด้าวย้ายมา ข เกินจำนวน 50 คนกำหนด และทำการย้าย = 20 วัน,2024-05-20 11:11:00,00034,34,00328,10,009,เฮฮา ไม่ จำกัด,"Heyha Mai Co., Ltd.",9,กรรมกร,23095701,,MT_13_EXIT,Completed,2027-04-29 11:10:59.995
TC20,4.0,กรณีผิดปกติ: กลุ่มคนต่างด้าวย้ายมา ข เกินจำนวน 50 คนกำหนด และทำการย้าย = 20 วัน,2024-05-20 11:11:00,00034,34,00329,11,009,เฮฮา ไม่ จำกัด,"Heyha Mai Co., Ltd.",9,กรรมกร,23095701,,MT_13_EXIT,Completed,2027-04-29 11:10:59.995
TC20,4.0,กรณีผิดปกติ: กลุ่มคนต่างด้าวย้ายมา ข เกินจำนวน 50 คนกำหนด และทำการย้าย = 20 วัน,2024-05-20 11:11:00,00034,34,00330,12,009,เฮฮา ไม่ จำกัด,"Heyha Mai Co., Ltd.",9,กรรมกร,23095701,,MT_13_EXIT,Completed,2027-04-29 11:10:59.995
TC20,4.0,กรณีผิดปกติ: กลุ่มคนต่างด้าวย้ายมา ข เกินจำนวน 50 คนกำหนด และทำการย้าย = 20 วัน,2024-05-20 11:11:00,00034,34,00331,13,009,เฮฮา ไม่ จำกัด,"Heyha Mai Co., Ltd.",9,กรรมกร,23095701,,MT_13_EXIT,Completed,2027-04-29 11:10:59.995
TC20,4.0,กรณีผิดปกติ: กลุ่มคนต่างด้าวย้ายมา ข เกินจำนวน 50 คนกำหนด และทำการย้าย = 20 วัน,2024-05-20 11:11:00,00034,34,00332,14,009,เฮฮา ไม่ จำกัด,"Heyha Mai Co., Ltd.",9,กรรมกร,23095701,,MT_13_EXIT,Completed,2027-04-29 11:10:59.995
TC20,4.0,กรณีผิดปกติ: กลุ่มคนต่างด้าวย้ายมา ข เกินจำนวน 50 คนกำหนด และทำการย้าย = 20 วัน,2024-05-20 11:11:00,00034,34,00333,15,009,เฮฮา ไม่ จำกัด,"Heyha Mai Co., Ltd.",9,งานทํารองเท้า,23095701,,MT_13_EXIT,Completed,2027-04-29 11:10:59.995
TC20,4.0,กรณีผิดปกติ: กลุ่มคนต่างด้าวย้ายมา ข เกินจำนวน 50 คนกำหนด และทำการย้าย = 20 วัน,2024-05-20 11:11:00,00034,34,00334,16,009,เฮฮา ไม่ จำกัด,"Heyha Mai Co., Ltd.",9,งานทําหมวก,23095701,,MT_13_EXIT,Completed,2027-04-29 11:10:59.995
TC20,4.0,กรณีผิดปกติ: กลุ่มคนต่างด้าวย้ายมา ข เกินจำนวน 50 คนกำหนด และทำการย้าย = 20 วัน,2024-05-20 11:11:00,00034,34,00335,17,009,เฮฮา ไม่ จำกัด,"Heyha Mai Co., Ltd.",9,งานทํารองเท้า,23095701,,MT_13_EXIT,Completed,2027-04-29 11:10:59.995
TC20,4.0,กรณีผิดปกติ: กลุ่มคนต่างด้าวย้ายมา ข เกินจำนวน 50 คนกำหนด และทำการย้าย = 20 วัน,2024-05-20 11:11:00,00034,34,00336,18,009,เฮฮา ไม่ จำกัด,"Heyha Mai Co., Ltd.",9,งานทําหมวกกรรมกร,23095701,,MT_13_EXIT,Completed,2027-04-29 11:10:59.995
TC20,4.0,กรณีผิดปกติ: กลุ่มคนต่างด้าวย้ายมา ข เกินจำนวน 50 คนกำหนด และทำการย้าย = 20 วัน,2024-05-20 11:11:00,00034,34,00337,19,009,เฮฮา ไม่ จำกัด,"Heyha Mai Co., Ltd.",9,กรรมกร,23095701,,MT_13_EXIT,Completed,2027-04-29 11:10:59.995
TC20,4.0,กรณีผิดปกติ: กลุ่มคนต่างด้าวย้ายมา ข เกินจำนวน 50 คนกำหนด และทำการย้าย = 20 วัน,2024-05-20 11:11:00,00034,34,00338,20,009,เฮฮา ไม่ จำกัด,"Heyha Mai Co., Ltd.",9,กรรมกร,23095701,,MT_13_EXIT,Completed,2027-04-29 11:10:59.995
TC21,4.0,กรณีปกติ: กลุ่มคนต่างด้าวย้ายมา ข เกินจำนวน 50 คนกำหนด และทำการย้ายมากกว่า 20 วัน,2024-05-27 11:11:00,00035,35,00339,1,009,เฮฮา ไม่ จำกัด,"Heyha Mai Co., Ltd.",9,กรรมกร,23095701,,MT_13_EXIT,Completed,2027-04-30 11:10:59.995
TC21,4.0,กรณีปกติ: กลุ่มคนต่างด้าวย้ายมา ข เกินจำนวน 50 คนกำหนด และทำการย้ายมากกว่า 20 วัน,2024-05-27 11:11:00,00035,35,00340,2,009,เฮฮา ไม่ จำกัด,"Heyha Mai Co., Ltd.",9,กรรมกร,23095701,,MT_13_EXIT,Completed,2027-04-30 11:10:59.995
TC21,4.0,กรณีปกติ: กลุ่มคนต่างด้าวย้ายมา ข เกินจำนวน 50 คนกำหนด และทำการย้ายมากกว่า 20 วัน,2024-05-27 11:11:00,00035,35,00341,3,009,เฮฮา ไม่ จำกัด,"Heyha Mai Co., Ltd.",9,กรรมกร,23095701,,MT_13_EXIT,Completed,2027-04-30 11:10:59.995
TC21,4.0,กรณีปกติ: กลุ่มคนต่างด้าวย้ายมา ข เกินจำนวน 50 คนกำหนด และทำการย้ายมากกว่า 20 วัน,2024-05-27 11:11:00,00035,35,00342,4,009,เฮฮา ไม่ จำกัด,"Heyha Mai Co., Ltd.",9,กรรมกร,23095701,,MT_13_EXIT,Completed,2027-04-30 11:10:59.995
TC21,4.0,กรณีปกติ: กลุ่มคนต่างด้าวย้ายมา ข เกินจำนวน 50 คนกำหนด และทำการย้ายมากกว่า 20 วัน,2024-05-27 11:11:00,00035,35,00343,5,009,เฮฮา ไม่ จำกัด,"Heyha Mai Co., Ltd.",9,กรรมกร,23095701,,MT_13_EXIT,Completed,2027-04-30 11:10:59.995
TC21,4.0,กรณีปกติ: กลุ่มคนต่างด้าวย้ายมา ข เกินจำนวน 50 คนกำหนด และทำการย้ายมากกว่า 20 วัน,2024-05-27 11:11:00,00035,35,00344,6,009,เฮฮา ไม่ จำกัด,"Heyha Mai Co., Ltd.",9,กรรมกร,23095701,,MT_13_EXIT,Completed,2027-04-30 11:10:59.995
TC21,4.0,กรณีปกติ: กลุ่มคนต่างด้าวย้ายมา ข เกินจำนวน 50 คนกำหนด และทำการย้ายมากกว่า 20 วัน,2024-05-27 11:11:00,00035,35,00345,7,009,เฮฮา ไม่ จำกัด,"Heyha Mai Co., Ltd.",9,กรรมกร,23095701,,MT_13_EXIT,Completed,2027-04-30 11:10:59.995
TC21,4.0,กรณีปกติ: กลุ่มคนต่างด้าวย้ายมา ข เกินจำนวน 50 คนกำหนด และทำการย้ายมากกว่า 20 วัน,2024-05-27 11:11:00,00035,35,00346,8,009,เฮฮา ไม่ จำกัด,"Heyha Mai Co., Ltd.",9,กรรมกร,23095701,,MT_13_EXIT,Completed,2027-04-30 11:10:59.995
TC21,4.0,กรณีปกติ: กลุ่มคนต่างด้าวย้ายมา ข เกินจำนวน 50 คนกำหนด และทำการย้ายมากกว่า 20 วัน,2024-05-27 11:11:00,00035,35,00347,9,009,เฮฮา ไม่ จำกัด,"Heyha Mai Co., Ltd.",9,กรรมกร,23095701,,MT_13_EXIT,Completed,2027-04-30 11:10:59.995
TC21,4.0,กรณีปกติ: กลุ่มคนต่างด้าวย้ายมา ข เกินจำนวน 50 คนกำหนด และทำการย้ายมากกว่า 20 วัน,2024-05-27 11:11:00,00035,35,00348,10,009,เฮฮา ไม่ จำกัด,"Heyha Mai Co., Ltd.",9,กรรมกร,23095701,,MT_13_EXIT,Completed,2027-04-30 11:10:59.995
TC21,4.0,กรณีปกติ: กลุ่มคนต่างด้าวย้ายมา ข เกินจำนวน 50 คนกำหนด และทำการย้ายมากกว่า 20 วัน,2024-05-27 11:11:00,00035,35,00349,11,009,เฮฮา ไม่ จำกัด,"Heyha Mai Co., Ltd.",9,กรรมกร,23095701,,MT_13_EXIT,Completed,2027-04-30 11:10:59.995
TC21,4.0,กรณีปกติ: กลุ่มคนต่างด้าวย้ายมา ข เกินจำนวน 50 คนกำหนด และทำการย้ายมากกว่า 20 วัน,2024-05-27 11:11:00,00035,35,00350,12,009,เฮฮา ไม่ จำกัด,"Heyha Mai Co., Ltd.",9,กรรมกร,23095701,,MT_13_EXIT,Completed,2027-04-30 11:10:59.995
TC21,4.0,กรณีปกติ: กลุ่มคนต่างด้าวย้ายมา ข เกินจำนวน 50 คนกำหนด และทำการย้ายมากกว่า 20 วัน,2024-05-27 11:11:00,00035,35,00351,13,009,เฮฮา ไม่ จำกัด,"Heyha Mai Co., Ltd.",9,กรรมกร,23095701,,MT_13_EXIT,Completed,2027-04-30 11:10:59.995
TC21,4.0,กรณีปกติ: กลุ่มคนต่างด้าวย้ายมา ข เกินจำนวน 50 คนกำหนด และทำการย้ายมากกว่า 20 วัน,2024-05-27 11:11:00,00035,35,00352,14,009,เฮฮา ไม่ จำกัด,"Heyha Mai Co., Ltd.",9,กรรมกร,23095701,,MT_13_EXIT,Completed,2027-04-30 11:10:59.995
TC21,4.0,กรณีปกติ: กลุ่มคนต่างด้าวย้ายมา ข เกินจำนวน 50 คนกำหนด และทำการย้ายมากกว่า 20 วัน,2024-05-27 11:11:00,00035,35,00353,15,009,เฮฮา ไม่ จำกัด,"Heyha Mai Co., Ltd.",9,กรรมกร,23095701,,MT_13_EXIT,Completed,2027-04-30 11:10:59.995
TC21,4.0,กรณีปกติ: กลุ่มคนต่างด้าวย้ายมา ข เกินจำนวน 50 คนกำหนด และทำการย้ายมากกว่า 20 วัน,2024-05-27 11:11:00,00035,35,00354,16,009,เฮฮา ไม่ จำกัด,"Heyha Mai Co., Ltd.",9,กรรมกร,23095701,,MT_13_EXIT,Completed,2027-04-30 11:10:59.995
TC21,4.0,กรณีปกติ: กลุ่มคนต่างด้าวย้ายมา ข เกินจำนวน 50 คนกำหนด และทำการย้ายมากกว่า 20 วัน,2024-05-27 11:11:00,00035,35,00355,17,009,เฮฮา ไม่ จำกัด,"Heyha Mai Co., Ltd.",9,กรรมกร,23095701,,MT_13_EXIT,Completed,2027-04-30 11:10:59.995
TC21,4.0,กรณีปกติ: กลุ่มคนต่างด้าวย้ายมา ข เกินจำนวน 50 คนกำหนด และทำการย้ายมากกว่า 20 วัน,2024-05-27 11:11:00,00035,35,00356,18,009,เฮฮา ไม่ จำกัด,"Heyha Mai Co., Ltd.",9,กรรมกร,23095701,,MT_13_EXIT,Completed,2027-04-30 11:10:59.995
TC21,4.0,กรณีปกติ: กลุ่มคนต่างด้าวย้ายมา ข เกินจำนวน 50 คนกำหนด และทำการย้ายมากกว่า 20 วัน,2024-05-27 11:11:00,00035,35,00357,19,009,เฮฮา ไม่ จำกัด,"Heyha Mai Co., Ltd.",9,กรรมกร,23095701,,MT_13_EXIT,Completed,2027-04-30 11:10:59.995
TC21,4.0,กรณีปกติ: กลุ่มคนต่างด้าวย้ายมา ข เกินจำนวน 50 คนกำหนด และทำการย้ายมากกว่า 20 วัน,2024-05-27 11:11:00,00035,35,00358,20,009,เฮฮา ไม่ จำกัด,"Heyha Mai Co., Ltd.",9,กรรมกร,23095701,,MT_13_EXIT,Completed,2027-04-30 11:10:59.995
TC21,4.0,กรณีปกติ: กลุ่มคนต่างด้าวย้ายมา ข เกินจำนวน 50 คนกำหนด และทำการย้ายมากกว่า 20 วัน,2024-05-16 11:11:00,00036,36,00359,1,020,มั่นใจ ไม่ จำกัด,"Munjai Mai Co., Ltd.",17,กรรมกร,20152921,,MT_13_EXIT,Completed,2027-05-01 11:10:59.995
TC21,4.0,กรณีปกติ: กลุ่มคนต่างด้าวย้ายมา ข เกินจำนวน 50 คนกำหนด และทำการย้ายมากกว่า 20 วัน,2024-05-16 11:11:00,00036,36,00360,2,020,มั่นใจ ไม่ จำกัด,"Munjai Mai Co., Ltd.",17,กรรมกร,20152921,,MT_13_EXIT,Completed,2027-05-01 11:10:59.995
TC21,4.0,กรณีปกติ: กลุ่มคนต่างด้าวย้ายมา ข เกินจำนวน 50 คนกำหนด และทำการย้ายมากกว่า 20 วัน,2024-05-16 11:11:00,00036,36,00361,3,020,มั่นใจ ไม่ จำกัด,"Munjai Mai Co., Ltd.",17,กรรมกร,20152921,,MT_13_EXIT,Completed,2027-05-01 11:10:59.995
TC21,4.0,กรณีปกติ: กลุ่มคนต่างด้าวย้ายมา ข เกินจำนวน 50 คนกำหนด และทำการย้ายมากกว่า 20 วัน,2024-05-16 11:11:00,00036,36,00362,4,020,มั่นใจ ไม่ จำกัด,"Munjai Mai Co., Ltd.",17,กรรมกร,20152921,,MT_13_EXIT,Completed,2027-05-01 11:10:59.995
TC21,4.0,กรณีปกติ: กลุ่มคนต่างด้าวย้ายมา ข เกินจำนวน 50 คนกำหนด และทำการย้ายมากกว่า 20 วัน,2024-05-16 11:11:00,00036,36,00363,5,020,มั่นใจ ไม่ จำกัด,"Munjai Mai Co., Ltd.",17,กรรมกร,20152921,,MT_13_EXIT,Completed,2027-05-01 11:10:59.995
TC21,4.0,กรณีปกติ: กลุ่มคนต่างด้าวย้ายมา ข เกินจำนวน 50 คนกำหนด และทำการย้ายมากกว่า 20 วัน,2024-05-16 11:11:00,00036,36,00364,6,020,มั่นใจ ไม่ จำกัด,"Munjai Mai Co., Ltd.",17,กรรมกร,20152921,,MT_13_EXIT,Completed,2027-05-01 11:10:59.995
TC21,4.0,กรณีปกติ: กลุ่มคนต่างด้าวย้ายมา ข เกินจำนวน 50 คนกำหนด และทำการย้ายมากกว่า 20 วัน,2024-05-16 11:11:00,00036,36,00365,7,020,มั่นใจ ไม่ จำกัด,"Munjai Mai Co., Ltd.",17,กรรมกร,20152921,,MT_13_EXIT,Completed,2027-05-01 11:10:59.995
TC21,4.0,กรณีปกติ: กลุ่มคนต่างด้าวย้ายมา ข เกินจำนวน 50 คนกำหนด และทำการย้ายมากกว่า 20 วัน,2024-05-16 11:11:00,00036,36,00366,8,020,มั่นใจ ไม่ จำกัด,"Munjai Mai Co., Ltd.",17,กรรมกร,20152921,,MT_13_EXIT,Completed,2027-05-01 11:10:59.995
TC21,4.0,กรณีปกติ: กลุ่มคนต่างด้าวย้ายมา ข เกินจำนวน 50 คนกำหนด และทำการย้ายมากกว่า 20 วัน,2024-05-16 11:11:00,00036,36,00367,9,020,มั่นใจ ไม่ จำกัด,"Munjai Mai Co., Ltd.",17,กรรมกร,20152921,,MT_13_EXIT,Completed,2027-05-01 11:10:59.995
TC21,4.0,กรณีปกติ: กลุ่มคนต่างด้าวย้ายมา ข เกินจำนวน 50 คนกำหนด และทำการย้ายมากกว่า 20 วัน,2024-05-16 11:11:00,00036,36,00368,10,020,มั่นใจ ไม่ จำกัด,"Munjai Mai Co., Ltd.",17,กรรมกร,20152921,,MT_13_EXIT,Completed,2027-05-01 11:10:59.995
TC21,4.0,กรณีปกติ: กลุ่มคนต่างด้าวย้ายมา ข เกินจำนวน 50 คนกำหนด และทำการย้ายมากกว่า 20 วัน,2024-05-16 11:11:00,00036,36,00369,11,020,มั่นใจ ไม่ จำกัด,"Munjai Mai Co., Ltd.",17,กรรมกร,20152921,,MT_13_EXIT,Completed,2027-05-01 11:10:59.995
TC21,4.0,กรณีปกติ: กลุ่มคนต่างด้าวย้ายมา ข เกินจำนวน 50 คนกำหนด และทำการย้ายมากกว่า 20 วัน,2024-05-16 11:11:00,00036,36,00370,12,020,มั่นใจ ไม่ จำกัด,"Munjai Mai Co., Ltd.",17,กรรมกร,20152921,,MT_13_EXIT,Completed,2027-05-01 11:10:59.995
TC21,4.0,กรณีปกติ: กลุ่มคนต่างด้าวย้ายมา ข เกินจำนวน 50 คนกำหนด และทำการย้ายมากกว่า 20 วัน,2024-05-16 11:11:00,00036,36,00371,13,020,มั่นใจ ไม่ จำกัด,"Munjai Mai Co., Ltd.",17,กรรมกร,20152921,,MT_13_EXIT,Completed,2027-05-01 11:10:59.995
TC21,4.0,กรณีปกติ: กลุ่มคนต่างด้าวย้ายมา ข เกินจำนวน 50 คนกำหนด และทำการย้ายมากกว่า 20 วัน,2024-05-16 11:11:00,00036,36,00372,14,020,มั่นใจ ไม่ จำกัด,"Munjai Mai Co., Ltd.",17,กรรมกร,20152921,,MT_13_EXIT,Completed,2027-05-01 11:10:59.995
TC21,4.0,กรณีปกติ: กลุ่มคนต่างด้าวย้ายมา ข เกินจำนวน 50 คนกำหนด และทำการย้ายมากกว่า 20 วัน,2024-05-16 11:11:00,00036,36,00373,15,020,มั่นใจ ไม่ จำกัด,"Munjai Mai Co., Ltd.",17,กรรมกร,20152921,,MT_13_EXIT,Completed,2027-05-01 11:10:59.995
TC21,4.0,กรณีปกติ: กลุ่มคนต่างด้าวย้ายมา ข เกินจำนวน 50 คนกำหนด และทำการย้ายมากกว่า 20 วัน,2024-05-16 11:11:00,00036,36,00374,16,020,มั่นใจ ไม่ จำกัด,"Munjai Mai Co., Ltd.",17,กรรมกร,20152921,,MT_13_EXIT,Completed,2027-05-01 11:10:59.995
TC21,4.0,กรณีปกติ: กลุ่มคนต่างด้าวย้ายมา ข เกินจำนวน 50 คนกำหนด และทำการย้ายมากกว่า 20 วัน,2024-05-16 11:11:00,00036,36,00375,17,020,มั่นใจ ไม่ จำกัด,"Munjai Mai Co., Ltd.",17,กรรมกร,20152921,,MT_13_EXIT,Completed,2027-05-01 11:10:59.995
TC21,4.0,กรณีปกติ: กลุ่มคนต่างด้าวย้ายมา ข เกินจำนวน 50 คนกำหนด และทำการย้ายมากกว่า 20 วัน,2024-05-16 11:11:00,00036,36,00376,18,020,มั่นใจ ไม่ จำกัด,"Munjai Mai Co., Ltd.",17,กรรมกร,20152921,,MT_13_EXIT,Completed,2027-05-01 11:10:59.995
TC21,4.0,กรณีปกติ: กลุ่มคนต่างด้าวย้ายมา ข เกินจำนวน 50 คนกำหนด และทำการย้ายมากกว่า 20 วัน,2024-05-16 11:11:00,00036,36,00377,19,020,มั่นใจ ไม่ จำกัด,"Munjai Mai Co., Ltd.",17,กรรมกร,20152921,,MT_13_EXIT,Completed,2027-05-01 11:10:59.995
TC21,4.0,กรณีปกติ: กลุ่มคนต่างด้าวย้ายมา ข เกินจำนวน 50 คนกำหนด และทำการย้ายมากกว่า 20 วัน,2024-05-16 11:11:00,00036,36,00378,20,020,มั่นใจ ไม่ จำกัด,"Munjai Mai Co., Ltd.",17,กรรมกร,20152921,,MT_13_EXIT,Completed,2027-05-01 11:10:59.995
TC21,4.0,กรณีปกติ: กลุ่มคนต่างด้าวย้ายมา ข เกินจำนวน 50 คนกำหนด และทำการย้ายมากกว่า 20 วัน,2024-05-16 11:11:00,00036,36,00379,21,020,มั่นใจ ไม่ จำกัด,"Munjai Mai Co., Ltd.",17,กรรมกร,20152921,,MT_13_EXIT,Completed,2027-05-01 11:10:59.995
TC21,4.0,กรณีปกติ: กลุ่มคนต่างด้าวย้ายมา ข เกินจำนวน 50 คนกำหนด และทำการย้ายมากกว่า 20 วัน,2024-05-16 11:11:00,00036,36,00380,22,020,มั่นใจ ไม่ จำกัด,"Munjai Mai Co., Ltd.",17,กรรมกร,20152921,,MT_13_EXIT,Completed,2027-05-01 11:10:59.995
TC21,4.0,กรณีปกติ: กลุ่มคนต่างด้าวย้ายมา ข เกินจำนวน 50 คนกำหนด และทำการย้ายมากกว่า 20 วัน,2024-05-28 11:11:00,00037,37,00381,1,020,มั่นใจ ไม่ จำกัด,"Munjai Mai Co., Ltd.",17,กรรมกร,20152921,,MT_13_EXIT,Completed,2027-05-02 11:10:59.995
TC21,4.0,กรณีปกติ: กลุ่มคนต่างด้าวย้ายมา ข เกินจำนวน 50 คนกำหนด และทำการย้ายมากกว่า 20 วัน,2024-05-28 11:11:00,00037,37,00382,2,020,มั่นใจ ไม่ จำกัด,"Munjai Mai Co., Ltd.",17,กรรมกร,20152921,,MT_13_EXIT,Completed,2027-05-02 11:10:59.995
TC21,4.0,กรณีปกติ: กลุ่มคนต่างด้าวย้ายมา ข เกินจำนวน 50 คนกำหนด และทำการย้ายมากกว่า 20 วัน,2024-05-28 11:11:00,00037,37,00383,3,020,มั่นใจ ไม่ จำกัด,"Munjai Mai Co., Ltd.",17,กรรมกร,20152921,,MT_13_EXIT,Completed,2027-05-02 11:10:59.995
TC21,4.0,กรณีปกติ: กลุ่มคนต่างด้าวย้ายมา ข เกินจำนวน 50 คนกำหนด และทำการย้ายมากกว่า 20 วัน,2024-05-28 11:11:00,00037,37,00384,4,020,มั่นใจ ไม่ จำกัด,"Munjai Mai Co., Ltd.",17,กรรมกร,20152921,,MT_13_EXIT,Completed,2027-05-02 11:10:59.995
TC21,4.0,กรณีปกติ: กลุ่มคนต่างด้าวย้ายมา ข เกินจำนวน 50 คนกำหนด และทำการย้ายมากกว่า 20 วัน,2024-05-28 11:11:00,00037,37,00385,5,020,มั่นใจ ไม่ จำกัด,"Munjai Mai Co., Ltd.",17,กรรมกร,20152921,,MT_13_EXIT,Completed,2027-05-02 11:10:59.995
TC21,4.0,กรณีปกติ: กลุ่มคนต่างด้าวย้ายมา ข เกินจำนวน 50 คนกำหนด และทำการย้ายมากกว่า 20 วัน,2024-05-28 11:11:00,00037,37,00386,6,020,มั่นใจ ไม่ จำกัด,"Munjai Mai Co., Ltd.",17,กรรมกร,20152921,,MT_13_EXIT,Completed,2027-05-02 11:10:59.995
TC21,4.0,กรณีปกติ: กลุ่มคนต่างด้าวย้ายมา ข เกินจำนวน 50 คนกำหนด และทำการย้ายมากกว่า 20 วัน,2024-05-28 11:11:00,00037,37,00387,7,020,มั่นใจ ไม่ จำกัด,"Munjai Mai Co., Ltd.",17,กรรมกร,20152921,,MT_13_EXIT,Completed,2027-05-02 11:10:59.995
TC21,4.0,กรณีปกติ: กลุ่มคนต่างด้าวย้ายมา ข เกินจำนวน 50 คนกำหนด และทำการย้ายมากกว่า 20 วัน,2024-05-28 11:11:00,00037,37,00388,8,020,มั่นใจ ไม่ จำกัด,"Munjai Mai Co., Ltd.",17,กรรมกร,20152921,,MT_13_EXIT,Completed,2027-05-02 11:10:59.995
TC21,4.0,กรณีปกติ: กลุ่มคนต่างด้าวย้ายมา ข เกินจำนวน 50 คนกำหนด และทำการย้ายมากกว่า 20 วัน,2024-05-28 11:11:00,00037,37,00389,9,020,มั่นใจ ไม่ จำกัด,"Munjai Mai Co., Ltd.",17,กรรมกร,20152921,,MT_13_EXIT,Completed,2027-05-02 11:10:59.995
